Date,Name,Price
01.04.2024,LP 95,440.0
01.04.2024,LP 92,371.0
01.04.2024,LAD,363.0
01.04.2024,LSD,386.0
01.04.2024,LK,245.0
01.04.2024,LIK,260.0
01.04.2024,FUR. 800,204.0
01.04.2024,FUR 1500 (High),204.0
01.04.2024,FUR. 1500 (Low),204.0
05.03.2024,LP 95,447.0
05.03.2024,LP 92,371.0
05.03.2024,LAD,363.0
05.03.2024,LSD,458.0
05.03.2024,LK,257.0
05.03.2024,LIK,260.0
05.03.2024,FUR. 800,204.0
05.03.2024,FUR 1500 (High),204.0
05.03.2024,FUR. 1500 (Low),204.0
01.02.2024,LP 95,456.0
01.02.2024,LP 92,371.0
01.02.2024,LAD,363.0
01.02.2024,LSD,468.0
01.02.2024,LK,262.0
01.02.2024,LIK,266.0
01.02.2024,FUR. 800,201.0
01.02.2024,FUR 1500 (High),201.0
01.02.2024,FUR. 1500 (Low),201.0
01.01.2024,LP 95,464.0
01.01.2024,LP 92,366.0
01.01.2024,LAD,358.0
01.01.2024,LSD,475.0
01.01.2024,LK,236.0
01.01.2024,LIK,251.0
01.01.2024,FUR. 800,211.0
01.01.2024,FUR 1500 (High),211.0
01.01.2024,FUR. 1500 (Low),211.0
01.12.2023,LP 95,426.0
01.12.2023,LP 92,346.0
01.12.2023,LAD,329.0
01.12.2023,LSD,434.0
01.12.2023,LK,247.0
01.12.2023,LIK,288.0
01.12.2023,FUR. 800,207.0
01.12.2023,FUR 1500 (High),207.0
01.12.2023,FUR. 1500 (Low),207.0
01.11.2023,LP 95,423.0
01.11.2023,LP 92,356.0
01.11.2023,LAD,356.0
01.11.2023,LSD,431.0
01.11.2023,LK,249.0
01.11.2023,LIK,288.0
01.11.2023,FUR. 800,207.0
01.11.2023,FUR 1500 (High),207.0
01.11.2023,FUR. 1500 (Low),207.0
02.10.2023,LP 95,420.0
02.10.2023,LP 92,365.0
02.10.2023,LAD,351.0
02.10.2023,LSD,421.0
02.10.2023,LK,242.0
02.10.2023,LIK,300.0
02.10.2023,FUR. 800,191.0
02.10.2023,FUR 1500 (High),191.0
02.10.2023,FUR. 1500 (Low),191.0
01.09.2023,LP 95,417.0
01.09.2023,LP 92,361.0
01.09.2023,LAD,341.0
01.09.2023,LSD,359.0
01.09.2023,LK,231.0
01.09.2023,LIK,238.0
01.09.2023,FUR. 800,191.0
01.09.2023,FUR 1500 (High),191.0
01.09.2023,FUR. 1500 (Low),191.0
01.08.2023,LP 95,375.0
01.08.2023,LP 92,348.0
01.08.2023,LAD,306.0
01.08.2023,LSD,358.0
01.08.2023,LK,226.0
01.08.2023,LIK,231.0
01.08.2023,FUR. 800,203.0
01.08.2023,FUR 1500 (High),203.0
01.08.2023,FUR. 1500 (Low),203.0
01.07.2023,LP 95,365.0
01.07.2023,LP 92,328.0
01.07.2023,LAD,308.0
01.07.2023,LSD,346.0
01.07.2023,LK,236.0
01.07.2023,LIK,270.0
01.07.2023,FUR. 800,216.0
01.07.2023,FUR 1500 (High),216.0
01.07.2023,FUR. 1500 (Low),216.0
01.06.2023,LP 95,385.0
01.06.2023,LP 92,318.0
01.06.2023,LAD,310.0
01.06.2023,LSD,340.0
01.06.2023,LK,245.0
01.06.2023,LIK,270.0
01.06.2023,FUR. 800,216.0
01.06.2023,FUR 1500 (High),216.0
01.06.2023,FUR. 1500 (Low),216.0
01.05.2023,LP 95,365.0
01.05.2023,LP 92,333.0
01.05.2023,LAD,310.0
01.05.2023,LSD,330.0
01.05.2023,LK,295.0
01.05.2023,LIK,330.0
01.05.2023,FUR. 800,261.0
01.05.2023,FUR 1500 (High),261.0
01.05.2023,FUR. 1500 (Low),261.0
30.03.2023,LP 95,375.0
30.03.2023,LP 92,340.0
30.03.2023,LAD,325.0
30.03.2023,LSD,465.0
30.03.2023,LK,295.0
30.03.2023,LIK,330.0
30.03.2023,FUR. 800,320.0
30.03.2023,FUR 1500 (High),320.0
30.03.2023,FUR. 1500 (Low),320.0
02.03.2023,LP 95,510.0
02.03.2023,LP 92,400.0
02.03.2023,LAD,405.0
02.03.2023,LSD,510.0
02.03.2023,LK,305.0
02.03.2023,LIK,330.0
02.03.2023,FUR. 800,320.0
02.03.2023,FUR 1500 (High),320.0
02.03.2023,FUR. 1500 (Low),320.0
01.02.2023,LP 95,510.0
01.02.2023,LP 92,400.0
01.02.2023,LAD,405.0
01.02.2023,LSD,510.0
01.02.2023,LK,355.0
01.02.2023,LIK,464.0
01.02.2023,FUR. 800,320.0
01.02.2023,FUR 1500 (High),320.0
01.02.2023,FUR. 1500 (Low),320.0
03.01.2023,LP 95,510.0
03.01.2023,LP 92,370.0
03.01.2023,LAD,405.0
03.01.2023,LSD,510.0
03.01.2023,LK,355.0
03.01.2023,LIK,464.0
03.01.2023,FUR. 800,320.0
03.01.2023,FUR 1500 (High),320.0
03.01.2023,FUR. 1500 (Low),320.0
06.12.2022,LP 95,510.0
06.12.2022,LP 92,370.0
06.12.2022,LAD,420.0
06.12.2022,LSD,510.0
06.12.2022,LK,365.0
06.12.2022,LIK,464.0
06.12.2022,FUR. 800,320.0
06.12.2022,FUR 1500 (High),320.0
06.12.2022,FUR. 1500 (Low),320.0
12.11.2022,LP 95,510.0
12.11.2022,LP 92,370.0
12.11.2022,LAD,430.0
12.11.2022,LSD,510.0
12.11.2022,LK,365.0
12.11.2022,LIK,464.0
12.11.2022,FUR. 800,419.0
12.11.2022,FUR 1500 (High),419.0
12.11.2022,FUR. 1500 (Low),419.0
17.10.2022,LP 95,510.0
17.10.2022,LP 92,370.0
17.10.2022,LAD,415.0
17.10.2022,LSD,510.0
17.10.2022,LK,340.0
17.10.2022,LIK,464.0
17.10.2022,FUR. 800,320.0
17.10.2022,FUR 1500 (High),320.0
17.10.2022,FUR. 1500 (Low),320.0
17.10.2022(9.00 PM),LP 95,510.0
17.10.2022(9.00 PM),LP 92,370.0
17.10.2022(9.00 PM),LAD,415.0
17.10.2022(9.00 PM),LSD,510.0
17.10.2022(9.00 PM),LK,340.0
17.10.2022(9.00 PM),LIK,464.0
17.10.2022(9.00 PM),FUR. 800,419.0
17.10.2022(9.00 PM),FUR 1500 (High),419.0
17.10.2022(9.00 PM),FUR. 1500 (Low),419.0
02.10.2022,LP 95,510.0
02.10.2022,LP 92,410.0
02.10.2022,LAD,430.0
02.10.2022,LSD,510.0
02.10.2022,LK,340.0
02.10.2022,LIK,464.0
02.10.2022,FUR. 800,419.0
02.10.2022,FUR 1500 (High),419.0
02.10.2022,FUR. 1500 (Low),419.0
21.08.2022,LP 95,540.0
21.08.2022,LP 92,450.0
21.08.2022,LAD,430.0
21.08.2022,LSD,510.0
21.08.2022,LK,340.0
21.08.2022,LIK,464.0
21.08.2022,FUR. 800,419.0
21.08.2022,FUR 1500 (High),419.0
21.08.2022,FUR. 1500 (Low),419.0
01.08.2022,LP 95,540.0
01.08.2022,LP 92,450.0
01.08.2022,LAD,430.0
01.08.2022,LSD,510.0
01.08.2022,LK,87.0
01.08.2022,LIK,464.0
01.08.2022,FUR. 800,419.0
01.08.2022,FUR 1500 (High),419.0
01.08.2022,FUR. 1500 (Low),419.0
17.07.2022,LP 95,540.0
17.07.2022,LP 92,450.0
17.07.2022,LAD,440.0
17.07.2022,LSD,510.0
17.07.2022,LK,87.0
17.07.2022,LIK,464.0
17.07.2022,FUR. 800,419.0
17.07.2022,FUR 1500 (High),419.0
17.07.2022,FUR. 1500 (Low),419.0
26.06.2022,LP 95,550.0
26.06.2022,LP 92,470.0
26.06.2022,LAD,460.0
26.06.2022,LSD,520.0
26.06.2022,LK,87.0
26.06.2022,LIK,464.0
26.06.2022,FUR. 800,419.0
26.06.2022,FUR 1500 (High),419.0
26.06.2022,FUR. 1500 (Low),419.0
24.05.2022,LP 95,450.0
24.05.2022,LP 92,420.0
24.05.2022,LAD,400.0
24.05.2022,LSD,445.0
24.05.2022,LK,87.0
24.05.2022,LIK,399.0
24.05.2022,FUR. 800,369.0
24.05.2022,FUR 1500 (High),369.0
24.05.2022,FUR. 1500 (Low),369.0
22.04.2022,LP 95,373.0
22.04.2022,LP 92,338.0
22.04.2022,LAD,289.0
22.04.2022,LSD,329.0
22.04.2022,LK,87.0
22.04.2022,LIK,305.0
22.04.2022,FUR. 800,289.0
22.04.2022,FUR 1500 (High),289.0
22.04.2022,FUR. 1500 (Low),289.0
18.04.2022,LP 95,373.0
18.04.2022,LP 92,338.0
18.04.2022,LAD,289.0
18.04.2022,LSD,329.0
18.04.2022,LK,87.0
18.04.2022,LIK,160.0
18.04.2022,FUR. 800,214.0
18.04.2022,FUR 1500 (High),214.0
18.04.2022,FUR. 1500 (Low),214.0
22.03.2022,LP 95,283.0
22.03.2022,LP 92,254.0
22.03.2022,LAD,176.0
22.03.2022,LSD,254.0
22.03.2022,LK,87.0
22.03.2022,LIK,160.0
22.03.2022,FUR. 800,214.0
22.03.2022,FUR 1500 (High),214.0
22.03.2022,FUR. 1500 (Low),214.0
11.03.2022,LP 95,283.0
11.03.2022,LP 92,254.0
11.03.2022,LAD,176.0
11.03.2022,LSD,254.0
11.03.2022,LK,87.0
11.03.2022,LIK,110.0
11.03.2022,FUR. 800,214.0
11.03.2022,FUR 1500 (High),214.0
11.03.2022,FUR. 1500 (Low),214.0
27.12.2021,LP 95,207.0
27.12.2021,LP 92,177.0
27.12.2021,LAD,121.0
27.12.2021,LSD,159.0
27.12.2021,LK,87.0
27.12.2021,LIK,110.0
27.12.2021,FUR. 800,110.0
27.12.2021,FUR 1500 (High),110.0
27.12.2021,FUR. 1500 (Low),110.0
20.12.2021,LP 95,207.0
20.12.2021,LP 92,177.0
20.12.2021,LAD,121.0
20.12.2021,LSD,159.0
20.12.2021,LK,87.0
20.12.2021,LIK,110.0
20.12.2021,FUR. 800,92.0
20.12.2021,FUR 1500 (High),96.0
20.12.2021,FUR. 1500 (Low),96.0
11.06.2021,LP 95,184.0
11.06.2021,LP 92,157.0
11.06.2021,LAD,111.0
11.06.2021,LSD,144.0
11.06.2021,LK,77.0
11.06.2021,LIK,110.0
11.06.2021,FUR. 800,92.0
11.06.2021,FUR 1500 (High),96.0
11.06.2021,FUR. 1500 (Low),96.0
10.09.2019,LP 95,161.0
10.09.2019,LP 92,137.0
10.09.2019,LAD,104.0
10.09.2019,LSD,132.0
10.09.2019,LK,70.0
10.09.2019,LIK,110.0
10.09.2019,FUR. 800,92.0
10.09.2019,FUR 1500 (High),96.0
10.09.2019,FUR. 1500 (Low),96.0
13.08.2019,LP 95,163.0
13.08.2019,LP 92,138.0
13.08.2019,LAD,104.0
13.08.2019,LSD,134.0
13.08.2019,LK,70.0
13.08.2019,LIK,110.0
13.08.2019,FUR. 800,92.0
13.08.2019,FUR 1500 (High),96.0
13.08.2019,FUR. 1500 (Low),96.0
11.07.2019,LP 95,159.0
11.07.2019,LP 92,136.0
11.07.2019,LAD,104.0
11.07.2019,LSD,131.0
11.07.2019,LK,70.0
11.07.2019,LIK,110.0
11.07.2019,FUR. 800,92.0
11.07.2019,FUR 1500 (High),96.0
11.07.2019,FUR. 1500 (Low),96.0
11.06.2019,LP 95,164.0
11.06.2019,LP 92,138.0
11.06.2019,LAD,104.0
11.06.2019,LSD,136.0
11.06.2019,LK,70.0
11.06.2019,LIK,110.0
11.06.2019,FUR. 800,92.0
11.06.2019,FUR 1500 (High),96.0
11.06.2019,FUR. 1500 (Low),96.0
11.05.2019,LP 95,164.0
11.05.2019,LP 92,135.0
11.05.2019,LAD,104.0
11.05.2019,LSD,136.0
11.05.2019,LK,70.0
11.05.2019,LIK,110.0
11.05.2019,FUR. 800,92.0
11.05.2019,FUR 1500 (High),96.0
11.05.2019,FUR. 1500 (Low),96.0
13.03.2019,LP 95,159.0
13.03.2019,LP 92,132.0
13.03.2019,LAD,104.0
13.03.2019,LSD,134.0
13.03.2019,LK,70.0
13.03.2019,LIK,110.0
13.03.2019,FUR. 800,92.0
13.03.2019,FUR 1500 (High),96.0
13.03.2019,FUR. 1500 (Low),96.0
12.02.2019,LP 95,152.0
12.02.2019,LP 92,129.0
12.02.2019,LAD,103.0
12.02.2019,LSD,129.0
12.02.2019,LK,70.0
12.02.2019,LIK,110.0
12.02.2019,FUR. 800,92.0
12.02.2019,FUR 1500 (High),96.0
12.02.2019,FUR. 1500 (Low),96.0
11.01.2019,LP 95,147.0
11.01.2019,LP 92,123.0
11.01.2019,LAD,99.0
11.01.2019,LSD,118.0
11.01.2019,LK,70.0
11.01.2019,LIK,110.0
11.01.2019,FUR. 800,92.0
11.01.2019,FUR 1500 (High),96.0
11.01.2019,FUR. 1500 (Low),96.0
22.12.2018,LP 95,149.0
22.12.2018,LP 92,125.0
22.12.2018,LAD,101.0
22.12.2018,LSD,121.0
22.12.2018,LK,70.0
22.12.2018,LIK,110.0
22.12.2018,FUR. 800,92.0
22.12.2018,FUR 1500 (High),96.0
22.12.2018,FUR. 1500 (Low),96.0
01.12.2018,LP 95,159.0
01.12.2018,LP 92,135.0
01.12.2018,LAD,106.0
01.12.2018,LSD,131.0
01.12.2018,LK,70.0
01.12.2018,LIK,110.0
01.12.2018,FUR. 800,92.0
01.12.2018,FUR 1500 (High),96.0
01.12.2018,FUR. 1500 (Low),96.0
16.11.2018,LP 95,164.0
16.11.2018,LP 92,140.0
16.11.2018,LAD,111.0
16.11.2018,LSD,136.0
16.11.2018,LK,70.0
16.11.2018,LIK,110.0
16.11.2018,FUR. 800,92.0
16.11.2018,FUR 1500 (High),96.0
16.11.2018,FUR. 1500 (Low),96.0
02.11.2018,LP 95,169.0
02.11.2018,LP 92,145.0
02.11.2018,LAD,116.0
02.11.2018,LSD,141.0
02.11.2018,LK,70.0
02.11.2018,LIK,110.0
02.11.2018,FUR. 800,92.0
02.11.2018,FUR 1500 (High),96.0
02.11.2018,FUR. 1500 (Low),96.0
11.10.2018,LP 95,169.0
11.10.2018,LP 92,155.0
11.10.2018,LAD,123.0
11.10.2018,LSD,141.0
11.10.2018,LK,70.0
11.10.2018,LIK,110.0
11.10.2018,FUR. 800,92.0
11.10.2018,FUR 1500 (High),96.0
11.10.2018,FUR. 1500 (Low),96.0
11.09.2018,LP 95,161.0
11.09.2018,LP 92,149.0
11.09.2018,LAD,123.0
11.09.2018,LSD,133.0
11.09.2018,LK,70.0
11.09.2018,LIK,110.0
11.09.2018,FUR. 800,92.0
11.09.2018,FUR 1500 (High),96.0
11.09.2018,FUR. 1500 (Low),96.0
04.09.2018,LP 95,157.0
04.09.2018,LP 92,145.0
04.09.2018,LAD,118.0
04.09.2018,LSD,130.0
04.09.2018,LK,70.0
04.09.2018,LIK,110.0
04.09.2018,FUR. 800,92.0
04.09.2018,FUR 1500 (High),96.0
04.09.2018,FUR. 1500 (Low),96.0
11.08.2018,LP 95,157.0
11.08.2018,LP 92,145.0
11.08.2018,LAD,118.0
11.08.2018,LSD,130.0
11.08.2018,LK,70.0
11.08.2018,LIK,110.0
11.08.2018,FUR. 800,82.2
11.08.2018,FUR 1500 (High),80.0
11.08.2018,FUR. 1500 (Low),90.0
11.07.2018,LP 95,155.0
11.07.2018,LP 92,145.0
11.07.2018,LAD,118.0
11.07.2018,LSD,129.0
11.07.2018,LK,70.0
11.07.2018,LIK,110.0
11.07.2018,FUR. 800,82.2
11.07.2018,FUR 1500 (High),80.0
11.07.2018,FUR. 1500 (Low),90.0
13.06.2018,LP 95,148.0
13.06.2018,LP 92,137.0
13.06.2018,LAD,109.0
13.06.2018,LSD,119.0
13.06.2018,LK,70.0
13.06.2018,LIK,110.0
13.06.2018,FUR. 800,82.2
13.06.2018,FUR 1500 (High),80.0
13.06.2018,FUR. 1500 (Low),90.0
01.04.2024,LP 95,440.0
01.04.2024,LP 92,371.0
01.04.2024,LAD,363.0
01.04.2024,LSD,386.0
01.04.2024,LK,245.0
01.04.2024,LIK,260.0
01.04.2024,FUR. 800,204.0
01.04.2024,FUR 1500 (High),204.0
01.04.2024,FUR. 1500 (Low),204.0
05.03.2024,LP 95,447.0
05.03.2024,LP 92,371.0
05.03.2024,LAD,363.0
05.03.2024,LSD,458.0
05.03.2024,LK,257.0
05.03.2024,LIK,260.0
05.03.2024,FUR. 800,204.0
05.03.2024,FUR 1500 (High),204.0
05.03.2024,FUR. 1500 (Low),204.0
01.02.2024,LP 95,456.0
01.02.2024,LP 92,371.0
01.02.2024,LAD,363.0
01.02.2024,LSD,468.0
01.02.2024,LK,262.0
01.02.2024,LIK,266.0
01.02.2024,FUR. 800,201.0
01.02.2024,FUR 1500 (High),201.0
01.02.2024,FUR. 1500 (Low),201.0
01.01.2024,LP 95,464.0
01.01.2024,LP 92,366.0
01.01.2024,LAD,358.0
01.01.2024,LSD,475.0
01.01.2024,LK,236.0
01.01.2024,LIK,251.0
01.01.2024,FUR. 800,211.0
01.01.2024,FUR 1500 (High),211.0
01.01.2024,FUR. 1500 (Low),211.0
01.12.2023,LP 95,426.0
01.12.2023,LP 92,346.0
01.12.2023,LAD,329.0
01.12.2023,LSD,434.0
01.12.2023,LK,247.0
01.12.2023,LIK,288.0
01.12.2023,FUR. 800,207.0
01.12.2023,FUR 1500 (High),207.0
01.12.2023,FUR. 1500 (Low),207.0
01.11.2023,LP 95,423.0
01.11.2023,LP 92,356.0
01.11.2023,LAD,356.0
01.11.2023,LSD,431.0
01.11.2023,LK,249.0
01.11.2023,LIK,288.0
01.11.2023,FUR. 800,207.0
01.11.2023,FUR 1500 (High),207.0
01.11.2023,FUR. 1500 (Low),207.0
02.10.2023,LP 95,420.0
02.10.2023,LP 92,365.0
02.10.2023,LAD,351.0
02.10.2023,LSD,421.0
02.10.2023,LK,242.0
02.10.2023,LIK,300.0
02.10.2023,FUR. 800,191.0
02.10.2023,FUR 1500 (High),191.0
02.10.2023,FUR. 1500 (Low),191.0
01.09.2023,LP 95,417.0
01.09.2023,LP 92,361.0
01.09.2023,LAD,341.0
01.09.2023,LSD,359.0
01.09.2023,LK,231.0
01.09.2023,LIK,238.0
01.09.2023,FUR. 800,191.0
01.09.2023,FUR 1500 (High),191.0
01.09.2023,FUR. 1500 (Low),191.0
01.08.2023,LP 95,375.0
01.08.2023,LP 92,348.0
01.08.2023,LAD,306.0
01.08.2023,LSD,358.0
01.08.2023,LK,226.0
01.08.2023,LIK,231.0
01.08.2023,FUR. 800,203.0
01.08.2023,FUR 1500 (High),203.0
01.08.2023,FUR. 1500 (Low),203.0
01.07.2023,LP 95,365.0
01.07.2023,LP 92,328.0
01.07.2023,LAD,308.0
01.07.2023,LSD,346.0
01.07.2023,LK,236.0
01.07.2023,LIK,270.0
01.07.2023,FUR. 800,216.0
01.07.2023,FUR 1500 (High),216.0
01.07.2023,FUR. 1500 (Low),216.0
01.06.2023,LP 95,385.0
01.06.2023,LP 92,318.0
01.06.2023,LAD,310.0
01.06.2023,LSD,340.0
01.06.2023,LK,245.0
01.06.2023,LIK,270.0
01.06.2023,FUR. 800,216.0
01.06.2023,FUR 1500 (High),216.0
01.06.2023,FUR. 1500 (Low),216.0
01.05.2023,LP 95,365.0
01.05.2023,LP 92,333.0
01.05.2023,LAD,310.0
01.05.2023,LSD,330.0
01.05.2023,LK,295.0
01.05.2023,LIK,330.0
01.05.2023,FUR. 800,261.0
01.05.2023,FUR 1500 (High),261.0
01.05.2023,FUR. 1500 (Low),261.0
30.03.2023,LP 95,375.0
30.03.2023,LP 92,340.0
30.03.2023,LAD,325.0
30.03.2023,LSD,465.0
30.03.2023,LK,295.0
30.03.2023,LIK,330.0
30.03.2023,FUR. 800,320.0
30.03.2023,FUR 1500 (High),320.0
30.03.2023,FUR. 1500 (Low),320.0
02.03.2023,LP 95,510.0
02.03.2023,LP 92,400.0
02.03.2023,LAD,405.0
02.03.2023,LSD,510.0
02.03.2023,LK,305.0
02.03.2023,LIK,330.0
02.03.2023,FUR. 800,320.0
02.03.2023,FUR 1500 (High),320.0
02.03.2023,FUR. 1500 (Low),320.0
01.02.2023,LP 95,510.0
01.02.2023,LP 92,400.0
01.02.2023,LAD,405.0
01.02.2023,LSD,510.0
01.02.2023,LK,355.0
01.02.2023,LIK,464.0
01.02.2023,FUR. 800,320.0
01.02.2023,FUR 1500 (High),320.0
01.02.2023,FUR. 1500 (Low),320.0
03.01.2023,LP 95,510.0
03.01.2023,LP 92,370.0
03.01.2023,LAD,405.0
03.01.2023,LSD,510.0
03.01.2023,LK,355.0
03.01.2023,LIK,464.0
03.01.2023,FUR. 800,320.0
03.01.2023,FUR 1500 (High),320.0
03.01.2023,FUR. 1500 (Low),320.0
06.12.2022,LP 95,510.0
06.12.2022,LP 92,370.0
06.12.2022,LAD,420.0
06.12.2022,LSD,510.0
06.12.2022,LK,365.0
06.12.2022,LIK,464.0
06.12.2022,FUR. 800,320.0
06.12.2022,FUR 1500 (High),320.0
06.12.2022,FUR. 1500 (Low),320.0
12.11.2022,LP 95,510.0
12.11.2022,LP 92,370.0
12.11.2022,LAD,430.0
12.11.2022,LSD,510.0
12.11.2022,LK,365.0
12.11.2022,LIK,464.0
12.11.2022,FUR. 800,419.0
12.11.2022,FUR 1500 (High),419.0
12.11.2022,FUR. 1500 (Low),419.0
17.10.2022,LP 95,510.0
17.10.2022,LP 92,370.0
17.10.2022,LAD,415.0
17.10.2022,LSD,510.0
17.10.2022,LK,340.0
17.10.2022,LIK,464.0
17.10.2022,FUR. 800,320.0
17.10.2022,FUR 1500 (High),320.0
17.10.2022,FUR. 1500 (Low),320.0
17.10.2022(9.00 PM),LP 95,510.0
17.10.2022(9.00 PM),LP 92,370.0
17.10.2022(9.00 PM),LAD,415.0
17.10.2022(9.00 PM),LSD,510.0
17.10.2022(9.00 PM),LK,340.0
17.10.2022(9.00 PM),LIK,464.0
17.10.2022(9.00 PM),FUR. 800,419.0
17.10.2022(9.00 PM),FUR 1500 (High),419.0
17.10.2022(9.00 PM),FUR. 1500 (Low),419.0
02.10.2022,LP 95,510.0
02.10.2022,LP 92,410.0
02.10.2022,LAD,430.0
02.10.2022,LSD,510.0
02.10.2022,LK,340.0
02.10.2022,LIK,464.0
02.10.2022,FUR. 800,419.0
02.10.2022,FUR 1500 (High),419.0
02.10.2022,FUR. 1500 (Low),419.0
21.08.2022,LP 95,540.0
21.08.2022,LP 92,450.0
21.08.2022,LAD,430.0
21.08.2022,LSD,510.0
21.08.2022,LK,340.0
21.08.2022,LIK,464.0
21.08.2022,FUR. 800,419.0
21.08.2022,FUR 1500 (High),419.0
21.08.2022,FUR. 1500 (Low),419.0
01.08.2022,LP 95,540.0
01.08.2022,LP 92,450.0
01.08.2022,LAD,430.0
01.08.2022,LSD,510.0
01.08.2022,LK,87.0
01.08.2022,LIK,464.0
01.08.2022,FUR. 800,419.0
01.08.2022,FUR 1500 (High),419.0
01.08.2022,FUR. 1500 (Low),419.0
17.07.2022,LP 95,540.0
17.07.2022,LP 92,450.0
17.07.2022,LAD,440.0
17.07.2022,LSD,510.0
17.07.2022,LK,87.0
17.07.2022,LIK,464.0
17.07.2022,FUR. 800,419.0
17.07.2022,FUR 1500 (High),419.0
17.07.2022,FUR. 1500 (Low),419.0
26.06.2022,LP 95,550.0
26.06.2022,LP 92,470.0
26.06.2022,LAD,460.0
26.06.2022,LSD,520.0
26.06.2022,LK,87.0
26.06.2022,LIK,464.0
26.06.2022,FUR. 800,419.0
26.06.2022,FUR 1500 (High),419.0
26.06.2022,FUR. 1500 (Low),419.0
24.05.2022,LP 95,450.0
24.05.2022,LP 92,420.0
24.05.2022,LAD,400.0
24.05.2022,LSD,445.0
24.05.2022,LK,87.0
24.05.2022,LIK,399.0
24.05.2022,FUR. 800,369.0
24.05.2022,FUR 1500 (High),369.0
24.05.2022,FUR. 1500 (Low),369.0
22.04.2022,LP 95,373.0
22.04.2022,LP 92,338.0
22.04.2022,LAD,289.0
22.04.2022,LSD,329.0
22.04.2022,LK,87.0
22.04.2022,LIK,305.0
22.04.2022,FUR. 800,289.0
22.04.2022,FUR 1500 (High),289.0
22.04.2022,FUR. 1500 (Low),289.0
18.04.2022,LP 95,373.0
18.04.2022,LP 92,338.0
18.04.2022,LAD,289.0
18.04.2022,LSD,329.0
18.04.2022,LK,87.0
18.04.2022,LIK,160.0
18.04.2022,FUR. 800,214.0
18.04.2022,FUR 1500 (High),214.0
18.04.2022,FUR. 1500 (Low),214.0
22.03.2022,LP 95,283.0
22.03.2022,LP 92,254.0
22.03.2022,LAD,176.0
22.03.2022,LSD,254.0
22.03.2022,LK,87.0
22.03.2022,LIK,160.0
22.03.2022,FUR. 800,214.0
22.03.2022,FUR 1500 (High),214.0
22.03.2022,FUR. 1500 (Low),214.0
11.03.2022,LP 95,283.0
11.03.2022,LP 92,254.0
11.03.2022,LAD,176.0
11.03.2022,LSD,254.0
11.03.2022,LK,87.0
11.03.2022,LIK,110.0
11.03.2022,FUR. 800,214.0
11.03.2022,FUR 1500 (High),214.0
11.03.2022,FUR. 1500 (Low),214.0
27.12.2021,LP 95,207.0
27.12.2021,LP 92,177.0
27.12.2021,LAD,121.0
27.12.2021,LSD,159.0
27.12.2021,LK,87.0
27.12.2021,LIK,110.0
27.12.2021,FUR. 800,110.0
27.12.2021,FUR 1500 (High),110.0
27.12.2021,FUR. 1500 (Low),110.0
20.12.2021,LP 95,207.0
20.12.2021,LP 92,177.0
20.12.2021,LAD,121.0
20.12.2021,LSD,159.0
20.12.2021,LK,87.0
20.12.2021,LIK,110.0
20.12.2021,FUR. 800,92.0
20.12.2021,FUR 1500 (High),96.0
20.12.2021,FUR. 1500 (Low),96.0
11.06.2021,LP 95,184.0
11.06.2021,LP 92,157.0
11.06.2021,LAD,111.0
11.06.2021,LSD,144.0
11.06.2021,LK,77.0
11.06.2021,LIK,110.0
11.06.2021,FUR. 800,92.0
11.06.2021,FUR 1500 (High),96.0
11.06.2021,FUR. 1500 (Low),96.0
10.09.2019,LP 95,161.0
10.09.2019,LP 92,137.0
10.09.2019,LAD,104.0
10.09.2019,LSD,132.0
10.09.2019,LK,70.0
10.09.2019,LIK,110.0
10.09.2019,FUR. 800,92.0
10.09.2019,FUR 1500 (High),96.0
10.09.2019,FUR. 1500 (Low),96.0
13.08.2019,LP 95,163.0
13.08.2019,LP 92,138.0
13.08.2019,LAD,104.0
13.08.2019,LSD,134.0
13.08.2019,LK,70.0
13.08.2019,LIK,110.0
13.08.2019,FUR. 800,92.0
13.08.2019,FUR 1500 (High),96.0
13.08.2019,FUR. 1500 (Low),96.0
11.07.2019,LP 95,159.0
11.07.2019,LP 92,136.0
11.07.2019,LAD,104.0
11.07.2019,LSD,131.0
11.07.2019,LK,70.0
11.07.2019,LIK,110.0
11.07.2019,FUR. 800,92.0
11.07.2019,FUR 1500 (High),96.0
11.07.2019,FUR. 1500 (Low),96.0
11.06.2019,LP 95,164.0
11.06.2019,LP 92,138.0
11.06.2019,LAD,104.0
11.06.2019,LSD,136.0
11.06.2019,LK,70.0
11.06.2019,LIK,110.0
11.06.2019,FUR. 800,92.0
11.06.2019,FUR 1500 (High),96.0
11.06.2019,FUR. 1500 (Low),96.0
11.05.2019,LP 95,164.0
11.05.2019,LP 92,135.0
11.05.2019,LAD,104.0
11.05.2019,LSD,136.0
11.05.2019,LK,70.0
11.05.2019,LIK,110.0
11.05.2019,FUR. 800,92.0
11.05.2019,FUR 1500 (High),96.0
11.05.2019,FUR. 1500 (Low),96.0
13.03.2019,LP 95,159.0
13.03.2019,LP 92,132.0
13.03.2019,LAD,104.0
13.03.2019,LSD,134.0
13.03.2019,LK,70.0
13.03.2019,LIK,110.0
13.03.2019,FUR. 800,92.0
13.03.2019,FUR 1500 (High),96.0
13.03.2019,FUR. 1500 (Low),96.0
12.02.2019,LP 95,152.0
12.02.2019,LP 92,129.0
12.02.2019,LAD,103.0
12.02.2019,LSD,129.0
12.02.2019,LK,70.0
12.02.2019,LIK,110.0
12.02.2019,FUR. 800,92.0
12.02.2019,FUR 1500 (High),96.0
12.02.2019,FUR. 1500 (Low),96.0
11.01.2019,LP 95,147.0
11.01.2019,LP 92,123.0
11.01.2019,LAD,99.0
11.01.2019,LSD,118.0
11.01.2019,LK,70.0
11.01.2019,LIK,110.0
11.01.2019,FUR. 800,92.0
11.01.2019,FUR 1500 (High),96.0
11.01.2019,FUR. 1500 (Low),96.0
22.12.2018,LP 95,149.0
22.12.2018,LP 92,125.0
22.12.2018,LAD,101.0
22.12.2018,LSD,121.0
22.12.2018,LK,70.0
22.12.2018,LIK,110.0
22.12.2018,FUR. 800,92.0
22.12.2018,FUR 1500 (High),96.0
22.12.2018,FUR. 1500 (Low),96.0
01.12.2018,LP 95,159.0
01.12.2018,LP 92,135.0
01.12.2018,LAD,106.0
01.12.2018,LSD,131.0
01.12.2018,LK,70.0
01.12.2018,LIK,110.0
01.12.2018,FUR. 800,92.0
01.12.2018,FUR 1500 (High),96.0
01.12.2018,FUR. 1500 (Low),96.0
16.11.2018,LP 95,164.0
16.11.2018,LP 92,140.0
16.11.2018,LAD,111.0
16.11.2018,LSD,136.0
16.11.2018,LK,70.0
16.11.2018,LIK,110.0
16.11.2018,FUR. 800,92.0
16.11.2018,FUR 1500 (High),96.0
16.11.2018,FUR. 1500 (Low),96.0
02.11.2018,LP 95,169.0
02.11.2018,LP 92,145.0
02.11.2018,LAD,116.0
02.11.2018,LSD,141.0
02.11.2018,LK,70.0
02.11.2018,LIK,110.0
02.11.2018,FUR. 800,92.0
02.11.2018,FUR 1500 (High),96.0
02.11.2018,FUR. 1500 (Low),96.0
11.10.2018,LP 95,169.0
11.10.2018,LP 92,155.0
11.10.2018,LAD,123.0
11.10.2018,LSD,141.0
11.10.2018,LK,70.0
11.10.2018,LIK,110.0
11.10.2018,FUR. 800,92.0
11.10.2018,FUR 1500 (High),96.0
11.10.2018,FUR. 1500 (Low),96.0
11.09.2018,LP 95,161.0
11.09.2018,LP 92,149.0
11.09.2018,LAD,123.0
11.09.2018,LSD,133.0
11.09.2018,LK,70.0
11.09.2018,LIK,110.0
11.09.2018,FUR. 800,92.0
11.09.2018,FUR 1500 (High),96.0
11.09.2018,FUR. 1500 (Low),96.0
04.09.2018,LP 95,157.0
04.09.2018,LP 92,145.0
04.09.2018,LAD,118.0
04.09.2018,LSD,130.0
04.09.2018,LK,70.0
04.09.2018,LIK,110.0
04.09.2018,FUR. 800,92.0
04.09.2018,FUR 1500 (High),96.0
04.09.2018,FUR. 1500 (Low),96.0
11.08.2018,LP 95,157.0
11.08.2018,LP 92,145.0
11.08.2018,LAD,118.0
11.08.2018,LSD,130.0
11.08.2018,LK,70.0
11.08.2018,LIK,110.0
11.08.2018,FUR. 800,82.2
11.08.2018,FUR 1500 (High),80.0
11.08.2018,FUR. 1500 (Low),90.0
11.07.2018,LP 95,155.0
11.07.2018,LP 92,145.0
11.07.2018,LAD,118.0
11.07.2018,LSD,129.0
11.07.2018,LK,70.0
11.07.2018,LIK,110.0
11.07.2018,FUR. 800,82.2
11.07.2018,FUR 1500 (High),80.0
11.07.2018,FUR. 1500 (Low),90.0
13.06.2018,LP 95,148.0
13.06.2018,LP 92,137.0
13.06.2018,LAD,109.0
13.06.2018,LSD,119.0
13.06.2018,LK,70.0
13.06.2018,LIK,110.0
13.06.2018,FUR. 800,82.2
13.06.2018,FUR 1500 (High),80.0
13.06.2018,FUR. 1500 (Low),90.0
11.05.2018,LP 95,148.0
11.05.2018,LP 92,137.0
11.05.2018,LAD,109.0
11.05.2018,LSD,119.0
11.05.2018,LK,101.0
11.05.2018,LIK,110.0
11.05.2018,FUR. 800,82.2
11.05.2018,FUR 1500 (High),80.0
11.05.2018,FUR. 1500 (Low),90.0
28.11.2015,LP 95,128.0
28.11.2015,LP 92,117.0
28.11.2015,LAD,95.0
28.11.2015,LSD,110.0
28.11.2015,LK,49.0
28.11.2015,LIK,88.0
28.11.2015,FUR. 800,82.2
28.11.2015,FUR 1500 (High),80.0
28.11.2015,FUR. 1500 (Low),90.0
29.01.2015,LP 95,128.0
29.01.2015,LP 92,117.0
29.01.2015,LAD,95.0
29.01.2015,LSD,110.0
29.01.2015,LK,59.0
29.01.2015,LIK,88.0
29.01.2015,FUR. 800,82.2
29.01.2015,FUR 1500 (High),80.0
29.01.2015,FUR. 1500 (Low),90.0
22.01.2015,LP 95,128.0
22.01.2015,LP 92,117.0
22.01.2015,LAD,95.0
22.01.2015,LSD,110.0
22.01.2015,LK,65.0
22.01.2015,LIK,94.0
22.01.2015,FUR. 800,82.2
22.01.2015,FUR 1500 (High),80.0
22.01.2015,FUR. 1500 (Low),90.0
01.01.2015,LP 95,158.0
01.01.2015,LP 92,150.0
01.01.2015,LAD,111.0
01.01.2015,LSD,133.0
01.01.2015,LK,81.0
01.01.2015,LIK,110.0
01.01.2015,FUR. 800,82.2
01.01.2015,FUR 1500 (High),80.0
01.01.2015,FUR. 1500 (Low),90.0
01.04.2024,LP 95,440.0
01.04.2024,LP 92,371.0
01.04.2024,LAD,363.0
01.04.2024,LSD,386.0
01.04.2024,LK,245.0
01.04.2024,LIK,260.0
01.04.2024,FUR. 800,204.0
01.04.2024,FUR 1500 (High),204.0
01.04.2024,FUR. 1500 (Low),204.0
05.03.2024,LP 95,447.0
05.03.2024,LP 92,371.0
05.03.2024,LAD,363.0
05.03.2024,LSD,458.0
05.03.2024,LK,257.0
05.03.2024,LIK,260.0
05.03.2024,FUR. 800,204.0
05.03.2024,FUR 1500 (High),204.0
05.03.2024,FUR. 1500 (Low),204.0
01.02.2024,LP 95,456.0
01.02.2024,LP 92,371.0
01.02.2024,LAD,363.0
01.02.2024,LSD,468.0
01.02.2024,LK,262.0
01.02.2024,LIK,266.0
01.02.2024,FUR. 800,201.0
01.02.2024,FUR 1500 (High),201.0
01.02.2024,FUR. 1500 (Low),201.0
01.01.2024,LP 95,464.0
01.01.2024,LP 92,366.0
01.01.2024,LAD,358.0
01.01.2024,LSD,475.0
01.01.2024,LK,236.0
01.01.2024,LIK,251.0
01.01.2024,FUR. 800,211.0
01.01.2024,FUR 1500 (High),211.0
01.01.2024,FUR. 1500 (Low),211.0
01.12.2023,LP 95,426.0
01.12.2023,LP 92,346.0
01.12.2023,LAD,329.0
01.12.2023,LSD,434.0
01.12.2023,LK,247.0
01.12.2023,LIK,288.0
01.12.2023,FUR. 800,207.0
01.12.2023,FUR 1500 (High),207.0
01.12.2023,FUR. 1500 (Low),207.0
01.11.2023,LP 95,423.0
01.11.2023,LP 92,356.0
01.11.2023,LAD,356.0
01.11.2023,LSD,431.0
01.11.2023,LK,249.0
01.11.2023,LIK,288.0
01.11.2023,FUR. 800,207.0
01.11.2023,FUR 1500 (High),207.0
01.11.2023,FUR. 1500 (Low),207.0
02.10.2023,LP 95,420.0
02.10.2023,LP 92,365.0
02.10.2023,LAD,351.0
02.10.2023,LSD,421.0
02.10.2023,LK,242.0
02.10.2023,LIK,300.0
02.10.2023,FUR. 800,191.0
02.10.2023,FUR 1500 (High),191.0
02.10.2023,FUR. 1500 (Low),191.0
01.09.2023,LP 95,417.0
01.09.2023,LP 92,361.0
01.09.2023,LAD,341.0
01.09.2023,LSD,359.0
01.09.2023,LK,231.0
01.09.2023,LIK,238.0
01.09.2023,FUR. 800,191.0
01.09.2023,FUR 1500 (High),191.0
01.09.2023,FUR. 1500 (Low),191.0
01.08.2023,LP 95,375.0
01.08.2023,LP 92,348.0
01.08.2023,LAD,306.0
01.08.2023,LSD,358.0
01.08.2023,LK,226.0
01.08.2023,LIK,231.0
01.08.2023,FUR. 800,203.0
01.08.2023,FUR 1500 (High),203.0
01.08.2023,FUR. 1500 (Low),203.0
01.07.2023,LP 95,365.0
01.07.2023,LP 92,328.0
01.07.2023,LAD,308.0
01.07.2023,LSD,346.0
01.07.2023,LK,236.0
01.07.2023,LIK,270.0
01.07.2023,FUR. 800,216.0
01.07.2023,FUR 1500 (High),216.0
01.07.2023,FUR. 1500 (Low),216.0
01.06.2023,LP 95,385.0
01.06.2023,LP 92,318.0
01.06.2023,LAD,310.0
01.06.2023,LSD,340.0
01.06.2023,LK,245.0
01.06.2023,LIK,270.0
01.06.2023,FUR. 800,216.0
01.06.2023,FUR 1500 (High),216.0
01.06.2023,FUR. 1500 (Low),216.0
01.05.2023,LP 95,365.0
01.05.2023,LP 92,333.0
01.05.2023,LAD,310.0
01.05.2023,LSD,330.0
01.05.2023,LK,295.0
01.05.2023,LIK,330.0
01.05.2023,FUR. 800,261.0
01.05.2023,FUR 1500 (High),261.0
01.05.2023,FUR. 1500 (Low),261.0
30.03.2023,LP 95,375.0
30.03.2023,LP 92,340.0
30.03.2023,LAD,325.0
30.03.2023,LSD,465.0
30.03.2023,LK,295.0
30.03.2023,LIK,330.0
30.03.2023,FUR. 800,320.0
30.03.2023,FUR 1500 (High),320.0
30.03.2023,FUR. 1500 (Low),320.0
02.03.2023,LP 95,510.0
02.03.2023,LP 92,400.0
02.03.2023,LAD,405.0
02.03.2023,LSD,510.0
02.03.2023,LK,305.0
02.03.2023,LIK,330.0
02.03.2023,FUR. 800,320.0
02.03.2023,FUR 1500 (High),320.0
02.03.2023,FUR. 1500 (Low),320.0
01.02.2023,LP 95,510.0
01.02.2023,LP 92,400.0
01.02.2023,LAD,405.0
01.02.2023,LSD,510.0
01.02.2023,LK,355.0
01.02.2023,LIK,464.0
01.02.2023,FUR. 800,320.0
01.02.2023,FUR 1500 (High),320.0
01.02.2023,FUR. 1500 (Low),320.0
03.01.2023,LP 95,510.0
03.01.2023,LP 92,370.0
03.01.2023,LAD,405.0
03.01.2023,LSD,510.0
03.01.2023,LK,355.0
03.01.2023,LIK,464.0
03.01.2023,FUR. 800,320.0
03.01.2023,FUR 1500 (High),320.0
03.01.2023,FUR. 1500 (Low),320.0
06.12.2022,LP 95,510.0
06.12.2022,LP 92,370.0
06.12.2022,LAD,420.0
06.12.2022,LSD,510.0
06.12.2022,LK,365.0
06.12.2022,LIK,464.0
06.12.2022,FUR. 800,320.0
06.12.2022,FUR 1500 (High),320.0
06.12.2022,FUR. 1500 (Low),320.0
12.11.2022,LP 95,510.0
12.11.2022,LP 92,370.0
12.11.2022,LAD,430.0
12.11.2022,LSD,510.0
12.11.2022,LK,365.0
12.11.2022,LIK,464.0
12.11.2022,FUR. 800,419.0
12.11.2022,FUR 1500 (High),419.0
12.11.2022,FUR. 1500 (Low),419.0
17.10.2022,LP 95,510.0
17.10.2022,LP 92,370.0
17.10.2022,LAD,415.0
17.10.2022,LSD,510.0
17.10.2022,LK,340.0
17.10.2022,LIK,464.0
17.10.2022,FUR. 800,320.0
17.10.2022,FUR 1500 (High),320.0
17.10.2022,FUR. 1500 (Low),320.0
17.10.2022(9.00 PM),LP 95,510.0
17.10.2022(9.00 PM),LP 92,370.0
17.10.2022(9.00 PM),LAD,415.0
17.10.2022(9.00 PM),LSD,510.0
17.10.2022(9.00 PM),LK,340.0
17.10.2022(9.00 PM),LIK,464.0
17.10.2022(9.00 PM),FUR. 800,419.0
17.10.2022(9.00 PM),FUR 1500 (High),419.0
17.10.2022(9.00 PM),FUR. 1500 (Low),419.0
02.10.2022,LP 95,510.0
02.10.2022,LP 92,410.0
02.10.2022,LAD,430.0
02.10.2022,LSD,510.0
02.10.2022,LK,340.0
02.10.2022,LIK,464.0
02.10.2022,FUR. 800,419.0
02.10.2022,FUR 1500 (High),419.0
02.10.2022,FUR. 1500 (Low),419.0
21.08.2022,LP 95,540.0
21.08.2022,LP 92,450.0
21.08.2022,LAD,430.0
21.08.2022,LSD,510.0
21.08.2022,LK,340.0
21.08.2022,LIK,464.0
21.08.2022,FUR. 800,419.0
21.08.2022,FUR 1500 (High),419.0
21.08.2022,FUR. 1500 (Low),419.0
01.08.2022,LP 95,540.0
01.08.2022,LP 92,450.0
01.08.2022,LAD,430.0
01.08.2022,LSD,510.0
01.08.2022,LK,87.0
01.08.2022,LIK,464.0
01.08.2022,FUR. 800,419.0
01.08.2022,FUR 1500 (High),419.0
01.08.2022,FUR. 1500 (Low),419.0
17.07.2022,LP 95,540.0
17.07.2022,LP 92,450.0
17.07.2022,LAD,440.0
17.07.2022,LSD,510.0
17.07.2022,LK,87.0
17.07.2022,LIK,464.0
17.07.2022,FUR. 800,419.0
17.07.2022,FUR 1500 (High),419.0
17.07.2022,FUR. 1500 (Low),419.0
26.06.2022,LP 95,550.0
26.06.2022,LP 92,470.0
26.06.2022,LAD,460.0
26.06.2022,LSD,520.0
26.06.2022,LK,87.0
26.06.2022,LIK,464.0
26.06.2022,FUR. 800,419.0
26.06.2022,FUR 1500 (High),419.0
26.06.2022,FUR. 1500 (Low),419.0
24.05.2022,LP 95,450.0
24.05.2022,LP 92,420.0
24.05.2022,LAD,400.0
24.05.2022,LSD,445.0
24.05.2022,LK,87.0
24.05.2022,LIK,399.0
24.05.2022,FUR. 800,369.0
24.05.2022,FUR 1500 (High),369.0
24.05.2022,FUR. 1500 (Low),369.0
22.04.2022,LP 95,373.0
22.04.2022,LP 92,338.0
22.04.2022,LAD,289.0
22.04.2022,LSD,329.0
22.04.2022,LK,87.0
22.04.2022,LIK,305.0
22.04.2022,FUR. 800,289.0
22.04.2022,FUR 1500 (High),289.0
22.04.2022,FUR. 1500 (Low),289.0
18.04.2022,LP 95,373.0
18.04.2022,LP 92,338.0
18.04.2022,LAD,289.0
18.04.2022,LSD,329.0
18.04.2022,LK,87.0
18.04.2022,LIK,160.0
18.04.2022,FUR. 800,214.0
18.04.2022,FUR 1500 (High),214.0
18.04.2022,FUR. 1500 (Low),214.0
22.03.2022,LP 95,283.0
22.03.2022,LP 92,254.0
22.03.2022,LAD,176.0
22.03.2022,LSD,254.0
22.03.2022,LK,87.0
22.03.2022,LIK,160.0
22.03.2022,FUR. 800,214.0
22.03.2022,FUR 1500 (High),214.0
22.03.2022,FUR. 1500 (Low),214.0
11.03.2022,LP 95,283.0
11.03.2022,LP 92,254.0
11.03.2022,LAD,176.0
11.03.2022,LSD,254.0
11.03.2022,LK,87.0
11.03.2022,LIK,110.0
11.03.2022,FUR. 800,214.0
11.03.2022,FUR 1500 (High),214.0
11.03.2022,FUR. 1500 (Low),214.0
27.12.2021,LP 95,207.0
27.12.2021,LP 92,177.0
27.12.2021,LAD,121.0
27.12.2021,LSD,159.0
27.12.2021,LK,87.0
27.12.2021,LIK,110.0
27.12.2021,FUR. 800,110.0
27.12.2021,FUR 1500 (High),110.0
27.12.2021,FUR. 1500 (Low),110.0
20.12.2021,LP 95,207.0
20.12.2021,LP 92,177.0
20.12.2021,LAD,121.0
20.12.2021,LSD,159.0
20.12.2021,LK,87.0
20.12.2021,LIK,110.0
20.12.2021,FUR. 800,92.0
20.12.2021,FUR 1500 (High),96.0
20.12.2021,FUR. 1500 (Low),96.0
11.06.2021,LP 95,184.0
11.06.2021,LP 92,157.0
11.06.2021,LAD,111.0
11.06.2021,LSD,144.0
11.06.2021,LK,77.0
11.06.2021,LIK,110.0
11.06.2021,FUR. 800,92.0
11.06.2021,FUR 1500 (High),96.0
11.06.2021,FUR. 1500 (Low),96.0
10.09.2019,LP 95,161.0
10.09.2019,LP 92,137.0
10.09.2019,LAD,104.0
10.09.2019,LSD,132.0
10.09.2019,LK,70.0
10.09.2019,LIK,110.0
10.09.2019,FUR. 800,92.0
10.09.2019,FUR 1500 (High),96.0
10.09.2019,FUR. 1500 (Low),96.0
13.08.2019,LP 95,163.0
13.08.2019,LP 92,138.0
13.08.2019,LAD,104.0
13.08.2019,LSD,134.0
13.08.2019,LK,70.0
13.08.2019,LIK,110.0
13.08.2019,FUR. 800,92.0
13.08.2019,FUR 1500 (High),96.0
13.08.2019,FUR. 1500 (Low),96.0
11.07.2019,LP 95,159.0
11.07.2019,LP 92,136.0
11.07.2019,LAD,104.0
11.07.2019,LSD,131.0
11.07.2019,LK,70.0
11.07.2019,LIK,110.0
11.07.2019,FUR. 800,92.0
11.07.2019,FUR 1500 (High),96.0
11.07.2019,FUR. 1500 (Low),96.0
11.06.2019,LP 95,164.0
11.06.2019,LP 92,138.0
11.06.2019,LAD,104.0
11.06.2019,LSD,136.0
11.06.2019,LK,70.0
11.06.2019,LIK,110.0
11.06.2019,FUR. 800,92.0
11.06.2019,FUR 1500 (High),96.0
11.06.2019,FUR. 1500 (Low),96.0
11.05.2019,LP 95,164.0
11.05.2019,LP 92,135.0
11.05.2019,LAD,104.0
11.05.2019,LSD,136.0
11.05.2019,LK,70.0
11.05.2019,LIK,110.0
11.05.2019,FUR. 800,92.0
11.05.2019,FUR 1500 (High),96.0
11.05.2019,FUR. 1500 (Low),96.0
13.03.2019,LP 95,159.0
13.03.2019,LP 92,132.0
13.03.2019,LAD,104.0
13.03.2019,LSD,134.0
13.03.2019,LK,70.0
13.03.2019,LIK,110.0
13.03.2019,FUR. 800,92.0
13.03.2019,FUR 1500 (High),96.0
13.03.2019,FUR. 1500 (Low),96.0
12.02.2019,LP 95,152.0
12.02.2019,LP 92,129.0
12.02.2019,LAD,103.0
12.02.2019,LSD,129.0
12.02.2019,LK,70.0
12.02.2019,LIK,110.0
12.02.2019,FUR. 800,92.0
12.02.2019,FUR 1500 (High),96.0
12.02.2019,FUR. 1500 (Low),96.0
11.01.2019,LP 95,147.0
11.01.2019,LP 92,123.0
11.01.2019,LAD,99.0
11.01.2019,LSD,118.0
11.01.2019,LK,70.0
11.01.2019,LIK,110.0
11.01.2019,FUR. 800,92.0
11.01.2019,FUR 1500 (High),96.0
11.01.2019,FUR. 1500 (Low),96.0
22.12.2018,LP 95,149.0
22.12.2018,LP 92,125.0
22.12.2018,LAD,101.0
22.12.2018,LSD,121.0
22.12.2018,LK,70.0
22.12.2018,LIK,110.0
22.12.2018,FUR. 800,92.0
22.12.2018,FUR 1500 (High),96.0
22.12.2018,FUR. 1500 (Low),96.0
01.12.2018,LP 95,159.0
01.12.2018,LP 92,135.0
01.12.2018,LAD,106.0
01.12.2018,LSD,131.0
01.12.2018,LK,70.0
01.12.2018,LIK,110.0
01.12.2018,FUR. 800,92.0
01.12.2018,FUR 1500 (High),96.0
01.12.2018,FUR. 1500 (Low),96.0
16.11.2018,LP 95,164.0
16.11.2018,LP 92,140.0
16.11.2018,LAD,111.0
16.11.2018,LSD,136.0
16.11.2018,LK,70.0
16.11.2018,LIK,110.0
16.11.2018,FUR. 800,92.0
16.11.2018,FUR 1500 (High),96.0
16.11.2018,FUR. 1500 (Low),96.0
02.11.2018,LP 95,169.0
02.11.2018,LP 92,145.0
02.11.2018,LAD,116.0
02.11.2018,LSD,141.0
02.11.2018,LK,70.0
02.11.2018,LIK,110.0
02.11.2018,FUR. 800,92.0
02.11.2018,FUR 1500 (High),96.0
02.11.2018,FUR. 1500 (Low),96.0
11.10.2018,LP 95,169.0
11.10.2018,LP 92,155.0
11.10.2018,LAD,123.0
11.10.2018,LSD,141.0
11.10.2018,LK,70.0
11.10.2018,LIK,110.0
11.10.2018,FUR. 800,92.0
11.10.2018,FUR 1500 (High),96.0
11.10.2018,FUR. 1500 (Low),96.0
11.09.2018,LP 95,161.0
11.09.2018,LP 92,149.0
11.09.2018,LAD,123.0
11.09.2018,LSD,133.0
11.09.2018,LK,70.0
11.09.2018,LIK,110.0
11.09.2018,FUR. 800,92.0
11.09.2018,FUR 1500 (High),96.0
11.09.2018,FUR. 1500 (Low),96.0
04.09.2018,LP 95,157.0
04.09.2018,LP 92,145.0
04.09.2018,LAD,118.0
04.09.2018,LSD,130.0
04.09.2018,LK,70.0
04.09.2018,LIK,110.0
04.09.2018,FUR. 800,92.0
04.09.2018,FUR 1500 (High),96.0
04.09.2018,FUR. 1500 (Low),96.0
11.08.2018,LP 95,157.0
11.08.2018,LP 92,145.0
11.08.2018,LAD,118.0
11.08.2018,LSD,130.0
11.08.2018,LK,70.0
11.08.2018,LIK,110.0
11.08.2018,FUR. 800,82.2
11.08.2018,FUR 1500 (High),80.0
11.08.2018,FUR. 1500 (Low),90.0
11.07.2018,LP 95,155.0
11.07.2018,LP 92,145.0
11.07.2018,LAD,118.0
11.07.2018,LSD,129.0
11.07.2018,LK,70.0
11.07.2018,LIK,110.0
11.07.2018,FUR. 800,82.2
11.07.2018,FUR 1500 (High),80.0
11.07.2018,FUR. 1500 (Low),90.0
13.06.2018,LP 95,148.0
13.06.2018,LP 92,137.0
13.06.2018,LAD,109.0
13.06.2018,LSD,119.0
13.06.2018,LK,70.0
13.06.2018,LIK,110.0
13.06.2018,FUR. 800,82.2
13.06.2018,FUR 1500 (High),80.0
13.06.2018,FUR. 1500 (Low),90.0
11.05.2018,LP 95,148.0
11.05.2018,LP 92,137.0
11.05.2018,LAD,109.0
11.05.2018,LSD,119.0
11.05.2018,LK,101.0
11.05.2018,LIK,110.0
11.05.2018,FUR. 800,82.2
11.05.2018,FUR 1500 (High),80.0
11.05.2018,FUR. 1500 (Low),90.0
28.11.2015,LP 95,128.0
28.11.2015,LP 92,117.0
28.11.2015,LAD,95.0
28.11.2015,LSD,110.0
28.11.2015,LK,49.0
28.11.2015,LIK,88.0
28.11.2015,FUR. 800,82.2
28.11.2015,FUR 1500 (High),80.0
28.11.2015,FUR. 1500 (Low),90.0
29.01.2015,LP 95,128.0
29.01.2015,LP 92,117.0
29.01.2015,LAD,95.0
29.01.2015,LSD,110.0
29.01.2015,LK,59.0
29.01.2015,LIK,88.0
29.01.2015,FUR. 800,82.2
29.01.2015,FUR 1500 (High),80.0
29.01.2015,FUR. 1500 (Low),90.0
22.01.2015,LP 95,128.0
22.01.2015,LP 92,117.0
22.01.2015,LAD,95.0
22.01.2015,LSD,110.0
22.01.2015,LK,65.0
22.01.2015,LIK,94.0
22.01.2015,FUR. 800,82.2
22.01.2015,FUR 1500 (High),80.0
22.01.2015,FUR. 1500 (Low),90.0
01.01.2015,LP 95,158.0
01.01.2015,LP 92,150.0
01.01.2015,LAD,111.0
01.01.2015,LSD,133.0
01.01.2015,LK,81.0
01.01.2015,LIK,110.0
01.01.2015,FUR. 800,82.2
01.01.2015,FUR 1500 (High),80.0
01.01.2015,FUR. 1500 (Low),90.0
05.12.2014,LP 95,158.0
05.12.2014,LP 92,150.0
05.12.2014,LAD,111.0
05.12.2014,LSD,133.0
05.12.2014,LK,81.0
05.12.2014,LIK,110.0
05.12.2014,FUR. 800,92.2
05.12.2014,FUR 1500 (High),
05.12.2014,FUR. 1500 (Low),90.0
17.09.2014,LP 95,165.0
17.09.2014,LP 92,157.0
17.09.2014,LAD,118.0
17.09.2014,LSD,140.0
17.09.2014,LK,86.0
17.09.2014,LIK,115.0
17.09.2014,FUR. 800,92.2
17.09.2014,FUR 1500 (High),
17.09.2014,FUR. 1500 (Low),90.0
23.02.2013,LP 95,170.0
23.02.2013,LP 92,162.0
23.02.2013,LAD,121.0
23.02.2013,LSD,145.0
23.02.2013,LK,106.0
23.02.2013,LIK,115.0
23.02.2013,FUR. 800,92.2
23.02.2013,FUR 1500 (High),
23.02.2013,FUR. 1500 (Low),90.0
14.12.2012,LP 95,167.0
14.12.2012,LP 92,159.0
14.12.2012,LAD,115.0
14.12.2012,LSD,142.0
14.12.2012,LK,106.0
14.12.2012,LIK,111.0
14.12.2012,FUR. 800,92.2
14.12.2012,FUR 1500 (High),
14.12.2012,FUR. 1500 (Low),90.0
12.02.2012,LP 95,167.0
12.02.2012,LP 92,149.0
12.02.2012,LAD,115.0
12.02.2012,LSD,142.0
12.02.2012,LK,106.0
12.02.2012,LIK,111.0
12.02.2012,FUR. 800,92.2
12.02.2012,FUR 1500 (High),
12.02.2012,FUR. 1500 (Low),90.0
30.10.2011,LP 95,155.0
30.10.2011,LP 92,137.0
30.10.2011,LAD,84.0
30.10.2011,LSD,106.3
30.10.2011,LK,71.0
30.10.2011,LIK,76.0
30.10.2011,FUR. 800,52.2
30.10.2011,FUR 1500 (High),
30.10.2011,FUR. 1500 (Low),50.0
01.04.2011,LP 95,143.0
01.04.2011,LP 92,125.0
01.04.2011,LAD,76.0
01.04.2011,LSD,98.3
01.04.2011,LK,61.0
01.04.2011,LIK,66.0
01.04.2011,FUR. 800,52.2
01.04.2011,FUR 1500 (High),
01.04.2011,FUR. 1500 (Low),50.0
01.09.2010,LP 95,133.0
01.09.2010,LP 92,115.0
01.09.2010,LAD,73.0
01.09.2010,LSD,88.3
01.09.2010,LK,51.0
01.09.2010,LIK,56.0
01.09.2010,FUR. 800,42.2
01.09.2010,FUR 1500 (High),
01.09.2010,FUR. 1500 (Low),40.0
29.12.2009,LP 95,133.0
29.12.2009,LP 92,115.0
29.12.2009,LAD,73.0
29.12.2009,LSD,88.3
29.12.2009,LK,51.0
29.12.2009,LIK,56.0
29.12.2009,FUR. 800,32.9
29.12.2009,FUR 1500 (High),
29.12.2009,FUR. 1500 (Low),32.7
02.07.2009,LP 95,148.0
02.07.2009,LP 92,130.0
02.07.2009,LAD,73.0
02.07.2009,LSD,88.3
02.07.2009,LK,51.0
02.07.2009,LIK,56.0
02.07.2009,FUR. 800,34.9
02.07.2009,FUR 1500 (High),
02.07.2009,FUR. 1500 (Low),32.7
30.12.2008,LP 95,133.0
30.12.2008,LP 92,120.0
30.12.2008,LAD,70.0
30.12.2008,LSD,85.3
30.12.2008,LK,50.0
30.12.2008,LIK,55.0
30.12.2008,FUR. 800,33.9
30.12.2008,FUR 1500 (High),
30.12.2008,FUR. 1500 (Low),25.0
06.12.2008,LP 95,135.0
06.12.2008,LP 92,122.0
06.12.2008,LAD,80.0
06.12.2008,LSD,95.3
06.12.2008,LK,60.0
06.12.2008,LIK,65.0
06.12.2008,FUR. 800,53.9
06.12.2008,FUR 1500 (High),
06.12.2008,FUR. 1500 (Low),51.7
07.11.2008,LP 95,155.0
07.11.2008,LP 92,142.0
07.11.2008,LAD,80.0
07.11.2008,LSD,95.3
07.11.2008,LK,60.0
07.11.2008,LIK,65.0
07.11.2008,FUR. 800,53.9
07.11.2008,FUR 1500 (High),
07.11.2008,FUR. 1500 (Low),51.7
25.05.2008,LP 95,170.0
25.05.2008,LP 92,157.0
25.05.2008,LAD,110.0
25.05.2008,LSD,125.3
25.05.2008,LK,80.0
25.05.2008,LIK,85.0
25.05.2008,FUR. 800,63.9
25.05.2008,FUR 1500 (High),
25.05.2008,FUR. 1500 (Low),61.7
14.01.2008,LP 95,130.0
14.01.2008,LP 92,127.0
14.01.2008,LAD,80.0
14.01.2008,LSD,85.3
14.01.2008,LK,70.0
14.01.2008,LIK,75.0
14.01.2008,FUR. 800,63.9
14.01.2008,FUR 1500 (High),
14.01.2008,FUR. 1500 (Low),61.7
29.07.2007,LP 95,120.0
29.07.2007,LP 92,117.0
29.07.2007,LAD,75.0
29.07.2007,LSD,80.3
29.07.2007,LK,68.0
29.07.2007,LIK,69.0
29.07.2007,FUR. 800,53.9
29.07.2007,FUR 1500 (High),
29.07.2007,FUR. 1500 (Low),51.7
30.06.2007,LP 95,114.0
30.06.2007,LP 92,111.0
30.06.2007,LAD,71.0
30.06.2007,LSD,76.3
30.06.2007,LK,67.0
30.06.2007,LIK,68.0
30.06.2007,FUR. 800,49.9
30.06.2007,FUR 1500 (High),
30.06.2007,FUR. 1500 (Low),47.7
12.05.2007,LP 95,109.0
12.05.2007,LP 92,106.0
12.05.2007,LAD,67.0
12.05.2007,LSD,72.3
12.05.2007,LK,51.0
12.05.2007,LIK,61.3
12.05.2007,FUR. 800,45.9
12.05.2007,FUR 1500 (High),
12.05.2007,FUR. 1500 (Low),43.7
28.04.2007,LP 95,108.0
28.04.2007,LP 92,105.0
28.04.2007,LAD,65.0
28.04.2007,LSD,70.3
28.04.2007,LK,50.0
28.04.2007,LIK,60.3
28.04.2007,FUR. 800,39.9
28.04.2007,FUR 1500 (High),
28.04.2007,FUR. 1500 (Low),37.3
19.04.2007,LP 95,107.0
19.04.2007,LP 92,104.0
19.04.2007,LAD,63.0
19.04.2007,LSD,68.3
19.04.2007,LK,48.0
19.04.2007,LIK,60.3
19.04.2007,FUR. 800,39.9
19.04.2007,FUR 1500 (High),
19.04.2007,FUR. 1500 (Low),37.3
05.01.2007,LP 95,97.0
05.01.2007,LP 92,100.0
05.01.2007,LAD,60.0
05.01.2007,LSD,65.3
05.01.2007,LK,48.0
05.01.2007,LIK,58.3
05.01.2007,FUR. 800,45.8
05.01.2007,FUR 1500 (High),
05.01.2007,FUR. 1500 (Low),37.7
01.01.2007,LP 95,95.0
01.01.2007,LP 92,92.0
01.01.2007,LAD,60.0
01.01.2007,LSD,65.3
01.01.2007,LK,48.0
01.01.2007,LIK,58.3
01.01.2007,FUR. 800,45.8
01.01.2007,FUR 1500 (High),
01.01.2007,FUR. 1500 (Low),37.7
27.12.2006,LP 95,95.0
27.12.2006,LP 92,92.0
27.12.2006,LAD,60.0
27.12.2006,LSD,65.3
27.12.2006,LK,48.0
27.12.2006,LIK,58.3
27.12.2006,FUR. 800,45.8
27.12.2006,FUR 1500 (High),
27.12.2006,FUR. 1500 (Low),43.3
26.10.2006,LP 95,95.0
26.10.2006,LP 92,92.0
26.10.2006,LAD,60.0
26.10.2006,LSD,65.3
26.10.2006,LK,48.0
26.10.2006,LIK,50.3
26.10.2006,FUR. 800,45.8
26.10.2006,FUR 1500 (High),
26.10.2006,FUR. 1500 (Low),43.3
02.08.2006,LP 95,99.0
02.08.2006,LP 92,96.0
02.08.2006,LAD,64.0
02.08.2006,LSD,69.3
02.08.2006,LK,45.5
02.08.2006,LIK,47.8
02.08.2006,FUR. 800,47.8
02.08.2006,FUR 1500 (High),
02.08.2006,FUR. 1500 (Low),45.3
11.06.2006,LP 95,96.0
11.06.2006,LP 92,93.0
11.06.2006,LAD,61.0
11.06.2006,LSD,68.3
11.06.2006,LK,43.5
11.06.2006,LIK,45.8
11.06.2006,FUR. 800,45.8
11.06.2006,FUR 1500 (High),
11.06.2006,FUR. 1500 (Low),43.3
16.04.2006,LP 95,91.0
16.04.2006,LP 92,88.0
16.04.2006,LAD,58.0
16.04.2006,LSD,63.3
16.04.2006,LK,38.5
16.04.2006,LIK,40.8
16.04.2006,FUR. 800,40.8
16.04.2006,FUR 1500 (High),
16.04.2006,FUR. 1500 (Low),38.3
16.04.2006,LP 95,91.0
16.04.2006,LP 92,88.0
16.04.2006,LAD,58.0
16.04.2006,LSD,63.3
16.04.2006,LK,38.5
16.04.2006,LIK,40.8
16.04.2006,FUR. 800,40.8
16.04.2006,FUR 1500 (High),
16.04.2006,FUR. 1500 (Low),38.3
06.06.2005,LP 95,83.0
06.06.2005,LP 92,80.0
06.06.2005,LAD,50.0
06.06.2005,LSD,55.3
06.06.2005,LK,30.5
06.06.2005,LIK,32.8
06.06.2005,FUR. 800,32.8
06.06.2005,FUR 1500 (High),
06.06.2005,FUR. 1500 (Low),30.3
05.05.2005,LP 95,77.0
05.05.2005,LP 92,74.0
05.05.2005,LAD,46.0
05.05.2005,LSD,51.3
05.05.2005,LK,28.5
05.05.2005,LIK,30.8
05.05.2005,FUR. 800,30.3
05.05.2005,FUR 1500 (High),
05.05.2005,FUR. 1500 (Low),28.3
25.09.2004,LP 95,73.0
25.09.2004,LP 92,70.0
25.09.2004,LAD,44.0
25.09.2004,LSD,49.3
25.09.2004,LK,25.5
25.09.2004,LIK,27.8
25.09.2004,FUR. 800,25.2
25.09.2004,FUR 1500 (High),
25.09.2004,FUR. 1500 (Low),24.3
13.08.2004,LP 95,71.0
13.08.2004,LP 92,68.0
13.08.2004,LAD,36.0
13.08.2004,LSD,41.3
13.08.2004,LK,25.5
13.08.2004,LIK,27.8
13.08.2004,FUR. 800,25.2
13.08.2004,FUR 1500 (High),
13.08.2004,FUR. 1500 (Low),24.3
23.07.2004,LP 95,68.0
23.07.2004,LP 92,65.0
23.07.2004,LAD,32.0
23.07.2004,LSD,37.5
23.07.2004,LK,25.5
23.07.2004,LIK,27.8
23.07.2004,FUR. 800,24.7
23.07.2004,FUR 1500 (High),
23.07.2004,FUR. 1500 (Low),23.3
12.02.2004,LP 95,60.0
12.02.2004,LP 92,57.0
12.02.2004,LAD,32.0
12.02.2004,LSD,37.5
12.02.2004,LK,25.5
12.02.2004,LIK,27.8
12.02.2004,FUR. 800,24.7
12.02.2004,FUR 1500 (High),
12.02.2004,FUR. 1500 (Low),23.3
25.01.2004,LP 95,58.0
25.01.2004,LP 92,55.0
25.01.2004,LAD,32.0
25.01.2004,LSD,37.5
25.01.2004,LK,25.5
25.01.2004,LIK,27.8
25.01.2004,FUR. 800,23.7
25.01.2004,FUR 1500 (High),
25.01.2004,FUR. 1500 (Low),22.3
04.12.2003,LP 95,56.0
04.12.2003,LP 92,53.0
04.12.2003,LAD,32.0
04.12.2003,LSD,37.3
04.12.2003,LK,25.5
04.12.2003,LIK,27.8
04.12.2003,FUR. 800,23.7
04.12.2003,FUR 1500 (High),
04.12.2003,FUR. 1500 (Low),22.3
11.11.2003,LP 95,56.0
11.11.2003,LP 92,53.0
11.11.2003,LAD,31.0
11.11.2003,LSD,36.3
11.11.2003,LK,23.5
11.11.2003,LIK,25.8
11.11.2003,FUR. 800,23.5
11.11.2003,FUR 1500 (High),
11.11.2003,FUR. 1500 (Low),22.2
05.10.2003,LP 95,55.0
05.10.2003,LP 92,52.0
05.10.2003,LAD,30.5
05.10.2003,LSD,35.8
05.10.2003,LK,23.0
05.10.2003,LIK,25.3
05.10.2003,FUR. 800,23.1
05.10.2003,FUR 1500 (High),
05.10.2003,FUR. 1500 (Low),21.8
04.09.2003,LP 95,57.0
04.09.2003,LP 92,54.0
04.09.2003,LAD,31.5
04.09.2003,LSD,36.8
04.09.2003,LK,25.0
04.09.2003,LIK,27.3
04.09.2003,FUR. 800,24.3
04.09.2003,FUR 1500 (High),
04.09.2003,FUR. 1500 (Low),23.1
07.08.2003,LP 95,55.0
07.08.2003,LP 92,52.0
07.08.2003,LAD,30.0
07.08.2003,LSD,35.3
07.08.2003,LK,24.0
07.08.2003,LIK,26.3
07.08.2003,FUR. 800,24.9
07.08.2003,FUR 1500 (High),
07.08.2003,FUR. 1500 (Low),24.2
30.06.2003,LP 95,55.0
30.06.2003,LP 92,52.0
30.06.2003,LAD,30.0
30.06.2003,LSD,35.3
30.06.2003,LK,24.0
30.06.2003,LIK,26.3
30.06.2003,FUR. 800,23.1
30.06.2003,FUR 1500 (High),
30.06.2003,FUR. 1500 (Low),22.2
20.05.2003,LP 95,55.0
20.05.2003,LP 92,52.0
20.05.2003,LAD,30.0
20.05.2003,LSD,35.3
20.05.2003,LK,24.0
20.05.2003,LIK,26.3
20.05.2003,FUR. 800,26.6
20.05.2003,FUR 1500 (High),
20.05.2003,FUR. 1500 (Low),25.7
25.04.2003,LP 95,57.0
25.04.2003,LP 92,54.0
25.04.2003,LAD,30.0
25.04.2003,LSD,35.3
25.04.2003,LK,24.0
25.04.2003,LIK,26.3
25.04.2003,FUR. 800,26.6
25.04.2003,FUR 1500 (High),
25.04.2003,FUR. 1500 (Low),25.7
26.03.2003,LP 95,56.0
26.03.2003,LP 92,53.0
26.03.2003,LAD,30.0
26.03.2003,LSD,35.3
26.03.2003,LK,24.0
26.03.2003,LIK,26.3
26.03.2003,FUR. 800,26.6
26.03.2003,FUR 1500 (High),
26.03.2003,FUR. 1500 (Low),25.7
14.02.2003,LP 95,54.0
14.02.2003,LP 92,51.0
14.02.2003,LAD,30.0
14.02.2003,LSD,35.3
14.02.2003,LK,24.0
14.02.2003,LIK,26.3
14.02.2003,FUR. 800,25.6
14.02.2003,FUR 1500 (High),
14.02.2003,FUR. 1500 (Low),24.7
16.01.2003,LP 95,52.0
16.01.2003,LP 92,49.0
16.01.2003,LAD,30.0
16.01.2003,LSD,35.3
16.01.2003,LK,24.0
16.01.2003,LIK,26.3
16.01.2003,FUR. 800,23.7
16.01.2003,FUR 1500 (High),
16.01.2003,FUR. 1500 (Low),22.7
16.12.2002,LP 95,52.0
16.12.2002,LP 92,49.0
16.12.2002,LAD,30.0
16.12.2002,LSD,35.3
16.12.2002,LK,24.0
16.12.2002,LIK,26.3
16.12.2002,FUR. 800,21.9
16.12.2002,FUR 1500 (High),
16.12.2002,FUR. 1500 (Low),20.7
15.10.2002,LP 95,52.0
15.10.2002,LP 92,49.0
15.10.2002,LAD,30.0
15.10.2002,LSD,35.3
15.10.2002,LK,24.0
15.10.2002,LIK,26.3
15.10.2002,FUR. 800,24.1
15.10.2002,FUR 1500 (High),
15.10.2002,FUR. 1500 (Low),23.0
16.09.2002,LP 95,50.5
16.09.2002,LP 92,47.5
16.09.2002,LAD,28.5
16.09.2002,LSD,33.8
16.09.2002,LK,22.0
16.09.2002,LIK,24.3
16.09.2002,FUR. 800,23.0
16.09.2002,FUR 1500 (High),
16.09.2002,FUR. 1500 (Low),21.9
15.08.2002,LP 95,50.5
15.08.2002,LP 92,47.5
15.08.2002,LAD,28.0
15.08.2002,LSD,33.3
15.08.2002,LK,21.0
15.08.2002,LIK,23.3
15.08.2002,FUR. 800,21.9
15.08.2002,FUR 1500 (High),
15.08.2002,FUR. 1500 (Low),21.2
29.07.2002,LP 95,50.5
29.07.2002,LP 92,47.5
29.07.2002,LAD,27.5
29.07.2002,LSD,32.8
29.07.2002,LK,20.4
29.07.2002,LIK,22.7
29.07.2002,FUR. 800,20.9
29.07.2002,FUR 1500 (High),
29.07.2002,FUR. 1500 (Low),20.2
15.07.2002,LP 95,50.5
15.07.2002,LP 92,47.5
15.07.2002,LAD,27.5
15.07.2002,LSD,32.8
15.07.2002,LK,20.5
15.07.2002,LIK,22.8
15.07.2002,FUR. 800,20.9
15.07.2002,FUR 1500 (High),
15.07.2002,FUR. 1500 (Low),20.2
21.06.2002,LP 95,57.5
21.06.2002,LP 92,54.5
21.06.2002,LAD,30.5
21.06.2002,LSD,35.3
21.06.2002,LK,20.9
21.06.2002,LIK,23.2
21.06.2002,FUR. 800,21.4
21.06.2002,FUR 1500 (High),
21.06.2002,FUR. 1500 (Low),21.0
21.05.2002,LP 95,57.0
21.05.2002,LP 92,54.0
21.05.2002,LAD,30.0
21.05.2002,LSD,35.3
21.05.2002,LK,20.9
21.05.2002,LIK,23.2
21.05.2002,FUR. 800,21.4
21.05.2002,FUR 1500 (High),
21.05.2002,FUR. 1500 (Low),20.0
22.04.2002,LP 95,55.0
22.04.2002,LP 92,52.0
22.04.2002,LAD,28.0
22.04.2002,LSD,33.3
22.04.2002,LK,19.4
22.04.2002,LIK,21.7
22.04.2002,FUR. 800,19.4
22.04.2002,FUR 1500 (High),
22.04.2002,FUR. 1500 (Low),18.0
22.03.2002,LP 95,53.0
22.03.2002,LP 92,50.0
22.03.2002,LAD,26.0
22.03.2002,LSD,31.3
22.03.2002,LK,17.4
22.03.2002,LIK,19.7
22.03.2002,FUR. 800,17.4
22.03.2002,FUR 1500 (High),
22.03.2002,FUR. 1500 (Low),16.0
25.02.2002,LP 95,52.0
25.02.2002,LP 92,49.0
25.02.2002,LAD,26.0
25.02.2002,LSD,31.3
25.02.2002,LK,17.4
25.02.2002,LIK,19.7
25.02.2002,FUR. 800,17.0
25.02.2002,FUR 1500 (High),
25.02.2002,FUR. 1500 (Low),15.5
28.12.2001,LP 95,53.0
28.12.2001,LP 92,50.0
28.12.2001,LAD,16.5
28.12.2001,LSD,31.8
28.12.2001,LK,17.4
28.12.2001,LIK,19.7
28.12.2001,FUR. 800,17.0
28.12.2001,FUR 1500 (High),
28.12.2001,FUR. 1500 (Low),15.8
15.11.2001,LP 95,53.0
15.11.2001,LP 92,50.0
15.11.2001,LAD,27.5
15.11.2001,LSD,32.8
15.11.2001,LK,17.4
15.11.2001,LIK,19.7
15.11.2001,FUR. 800,17.0
15.11.2001,FUR 1500 (High),
15.11.2001,FUR. 1500 (Low),15.8
15.04.2001,LP 95,53.0
15.04.2001,LP 92,50.0
15.04.2001,LAD,27.5
15.04.2001,LSD,32.8
15.04.2001,LK,19.4
15.04.2001,LIK,21.7
15.04.2001,FUR. 800,17.0
15.04.2001,FUR 1500 (High),
15.04.2001,FUR. 1500 (Low),15.8
27.12.2000,LP 95,53.0
27.12.2000,LP 92,50.0
27.12.2000,LAD,24.5
27.12.2000,LSD,29.8
27.12.2000,LK,18.4
27.12.2000,LIK,20.7
27.12.2000,FUR. 800,15.1
27.12.2000,FUR 1500 (High),
27.12.2000,FUR. 1500 (Low),14.0
16.11.2000,LP 95,53.0
16.11.2000,LP 92,50.0
16.11.2000,LAD,21.5
16.11.2000,LSD,26.8
16.11.2000,LK,17.4
16.11.2000,LIK,19.7
16.11.2000,FUR. 800,13.7
16.11.2000,FUR 1500 (High),
16.11.2000,FUR. 1500 (Low),12.7
12.06.2000,LP 95,53.0
12.06.2000,LP 92,50.0
12.06.2000,LAD,19.5
12.06.2000,LSD,24.8
12.06.2000,LK,15.4
12.06.2000,LIK,17.7
12.06.2000,FUR. 800,10.5
12.06.2000,FUR 1500 (High),
12.06.2000,FUR. 1500 (Low),9.8
07.02.2000,LP 95,53.0
07.02.2000,LP 92,50.0
07.02.2000,LAD,16.2
07.02.2000,LSD,21.5
07.02.2000,LK,15.4
07.02.2000,LIK,17.7
07.02.2000,FUR. 800,7.5
07.02.2000,FUR 1500 (High),
07.02.2000,FUR. 1500 (Low),6.8
26.05.1999,LP 95,53.0
26.05.1999,LP 92,50.0
26.05.1999,LAD,13.2
26.05.1999,LSD,18.5
26.05.1999,LK,10.4
26.05.1999,LIK,12.7
26.05.1999,FUR. 800,7.5
26.05.1999,FUR 1500 (High),
26.05.1999,FUR. 1500 (Low),6.8
28.09.1996,LP 95,55.0
28.09.1996,LP 92,50.0
28.09.1996,LAD,13.2
28.09.1996,LSD,18.5
28.09.1996,LK,10.4
28.09.1996,LIK,12.7
28.09.1996,FUR. 800,7.5
28.09.1996,FUR 1500 (High),
28.09.1996,FUR. 1500 (Low),6.8
09.02.1995,LP 95,42.5
09.02.1995,LP 92,40.0
09.02.1995,LAD,12.4
09.02.1995,LSD,15.2
09.02.1995,LK,9.5
09.02.1995,LIK,11.8
09.02.1995,FUR. 800,6.25
09.02.1995,FUR 1500 (High),
09.02.1995,FUR. 1500 (Low),5.55
26.01.1995,LP 95,42.5
26.01.1995,LP 92,40.0
26.01.1995,LAD,11.4
26.01.1995,LSD,14.2
26.01.1995,LK,9.5
26.01.1995,LIK,11.8
26.01.1995,FUR. 800,6.25
26.01.1995,FUR 1500 (High),
26.01.1995,FUR. 1500 (Low),5.55
28.06.1994,LP 95,37.5
28.06.1994,LP 92,35.0
28.06.1994,LAD,11.4
28.06.1994,LSD,14.2
28.06.1994,LK,9.5
28.06.1994,LIK,11.8
28.06.1994,FUR. 800,6.25
28.06.1994,FUR 1500 (High),
28.06.1994,FUR. 1500 (Low),5.55
28.03.1994,LP 95,37.5
28.03.1994,LP 92,35.0
28.03.1994,LAD,12.4
28.03.1994,LSD,12.2
28.03.1994,LK,11.8
28.03.1994,LIK,11.8
28.03.1994,FUR. 800,6.25
28.03.1994,FUR 1500 (High),
28.03.1994,FUR. 1500 (Low),5.55
17.02.1994,LP 95,37.5
17.02.1994,LP 92,35.0
17.02.1994,LAD,12.3
17.02.1994,LSD,15.1
17.02.1994,LK,11.8
17.02.1994,LIK,11.8
17.02.1994,FUR. 800,6.25
17.02.1994,FUR 1500 (High),
17.02.1994,FUR. 1500 (Low),5.55
17.12.1993,LP 95,37.5
17.12.1993,LP 92,35.0
17.12.1993,LAD,12.2
17.12.1993,LSD,15.0
17.12.1993,LK,11.8
17.12.1993,LIK,11.8
17.12.1993,FUR. 800,6.25
17.12.1993,FUR 1500 (High),
17.12.1993,FUR. 1500 (Low),5.55
14.10.1993,LP 95,37.5
14.10.1993,LP 92,35.0
14.10.1993,LAD,12.0
14.10.1993,LSD,14.8
14.10.1993,LK,11.8
14.10.1993,LIK,11.8
14.10.1993,FUR. 800,6.25
14.10.1993,FUR 1500 (High),
14.10.1993,FUR. 1500 (Low),5.55
30.08.1993,LP 95,35.5
30.08.1993,LP 92,33.0
30.08.1993,LAD,11.9
30.08.1993,LSD,14.7
30.08.1993,LK,11.8
30.08.1993,LIK,11.8
30.08.1993,FUR. 800,6.25
30.08.1993,FUR 1500 (High),
30.08.1993,FUR. 1500 (Low),5.55
12.07.1993,LP 95,35.5
12.07.1993,LP 92,33.0
12.07.1993,LAD,11.8
12.07.1993,LSD,14.6
12.07.1993,LK,11.8
12.07.1993,LIK,11.8
12.07.1993,FUR. 800,6.25
12.07.1993,FUR 1500 (High),
12.07.1993,FUR. 1500 (Low),5.55
11.06.1993,LP 95,35.5
11.06.1993,LP 92,33.0
11.06.1993,LAD,11.7
11.06.1993,LSD,14.5
11.06.1993,LK,11.8
11.06.1993,LIK,11.8
11.06.1993,FUR. 800,6.25
11.06.1993,FUR 1500 (High),
11.06.1993,FUR. 1500 (Low),5.55
07.06.1993,LP 95,35.5
07.06.1993,LP 92,33.0
07.06.1993,LAD,11.7
07.06.1993,LSD,14.5
07.06.1993,LK,8.8
07.06.1993,LIK,9.85
07.06.1993,FUR. 800,6.25
07.06.1993,FUR 1500 (High),
07.06.1993,FUR. 1500 (Low),5.55
21.12.1992,LP 95,35.5
21.12.1992,LP 92,33.0
21.12.1992,LAD,11.65
21.12.1992,LSD,14.5
21.12.1992,LK,8.8
21.12.1992,LIK,9.85
21.12.1992,FUR. 800,6.25
21.12.1992,FUR 1500 (High),
21.12.1992,FUR. 1500 (Low),5.55
03.10.1992,LP 95,35.5
03.10.1992,LP 92,33.0
03.10.1992,LAD,11.6
03.10.1992,LSD,14.5
03.10.1992,LK,8.8
03.10.1992,LIK,9.85
03.10.1992,FUR. 800,6.25
03.10.1992,FUR 1500 (High),
03.10.1992,FUR. 1500 (Low),5.55
21.08.1992,LP 95,35.5
21.08.1992,LP 92,33.0
21.08.1992,LAD,11.55
21.08.1992,LSD,14.5
21.08.1992,LK,8.8
21.08.1992,LIK,9.85
21.08.1992,FUR. 800,6.25
21.08.1992,FUR 1500 (High),
21.08.1992,FUR. 1500 (Low),5.55
14.07.1992,LP 95,32.5
14.07.1992,LP 92,30.0
14.07.1992,LAD,11.55
14.07.1992,LSD,14.5
14.07.1992,LK,8.8
14.07.1992,LIK,9.85
14.07.1992,FUR. 800,6.25
14.07.1992,FUR 1500 (High),
14.07.1992,FUR. 1500 (Low),5.55
28.06.1992,LP 95,32.5
28.06.1992,LP 92,30.0
28.06.1992,LAD,11.5
28.06.1992,LSD,14.5
28.06.1992,LK,8.8
28.06.1992,LIK,9.85
28.06.1992,FUR. 800,6.25
28.06.1992,FUR 1500 (High),
28.06.1992,FUR. 1500 (Low),5.55
13.05.1992,LP 95,32.5
13.05.1992,LP 92,30.0
13.05.1992,LAD,11.5
13.05.1992,LSD,13.5
13.05.1992,LK,8.8
13.05.1992,LIK,9.85
13.05.1992,FUR. 800,6.25
13.05.1992,FUR 1500 (High),
13.05.1992,FUR. 1500 (Low),5.55
01.01.1991,LP 95,32.5
01.01.1991,LP 92,30.0
01.01.1991,LAD,11.0
01.01.1991,LSD,13.0
01.01.1991,LK,8.8
01.01.1991,LIK,9.85
01.01.1991,FUR. 800,6.25
01.01.1991,FUR 1500 (High),
01.01.1991,FUR. 1500 (Low),5.55
26.12.1990,LP 95,32.5
26.12.1990,LP 92,30.0
26.12.1990,LAD,11.0
26.12.1990,LSD,13.0
26.12.1990,LK,8.8
26.12.1990,LIK,9.85
26.12.1990,FUR. 800,6.3
26.12.1990,FUR 1500 (High),
26.12.1990,FUR. 1500 (Low),5.6
05.11.1990,LP 95,38.0
05.11.1990,LP 92,35.0
05.11.1990,LAD,13.0
05.11.1990,LSD,15.0
05.11.1990,LK,8.8
05.11.1990,LIK,9.58
05.11.1990,FUR. 800,6.3
05.11.1990,FUR 1500 (High),
05.11.1990,FUR. 1500 (Low),5.6
14.08.1990,LP 95,27.0
14.08.1990,LP 92,25.0
14.08.1990,LAD,11.0
14.08.1990,LSD,12.5
14.08.1990,LK,8.0
14.08.1990,LIK,9.85
14.08.1990,FUR. 800,5.4
14.08.1990,FUR 1500 (High),
14.08.1990,FUR. 1500 (Low),4.9
01.03.1990,LP 95,22.0
01.03.1990,LP 92,20.0
01.03.1990,LAD,9.6
01.03.1990,LSD,10.9
01.03.1990,LK,6.58
01.03.1990,LIK,9.85
01.03.1990,FUR. 800,4.7
01.03.1990,FUR 1500 (High),
01.03.1990,FUR. 1500 (Low),4.29
01.04.2024,LP 95,440.0
01.04.2024,LP 92,371.0
01.04.2024,LAD,363.0
01.04.2024,LSD,386.0
01.04.2024,LK,245.0
01.04.2024,LIK,260.0
01.04.2024,FUR. 800,204.0
01.04.2024,FUR 1500 (High),204.0
01.04.2024,FUR. 1500 (Low),204.0
05.03.2024,LP 95,447.0
05.03.2024,LP 92,371.0
05.03.2024,LAD,363.0
05.03.2024,LSD,458.0
05.03.2024,LK,257.0
05.03.2024,LIK,260.0
05.03.2024,FUR. 800,204.0
05.03.2024,FUR 1500 (High),204.0
05.03.2024,FUR. 1500 (Low),204.0
01.02.2024,LP 95,456.0
01.02.2024,LP 92,371.0
01.02.2024,LAD,363.0
01.02.2024,LSD,468.0
01.02.2024,LK,262.0
01.02.2024,LIK,266.0
01.02.2024,FUR. 800,201.0
01.02.2024,FUR 1500 (High),201.0
01.02.2024,FUR. 1500 (Low),201.0
01.01.2024,LP 95,464.0
01.01.2024,LP 92,366.0
01.01.2024,LAD,358.0
01.01.2024,LSD,475.0
01.01.2024,LK,236.0
01.01.2024,LIK,251.0
01.01.2024,FUR. 800,211.0
01.01.2024,FUR 1500 (High),211.0
01.01.2024,FUR. 1500 (Low),211.0
01.12.2023,LP 95,426.0
01.12.2023,LP 92,346.0
01.12.2023,LAD,329.0
01.12.2023,LSD,434.0
01.12.2023,LK,247.0
01.12.2023,LIK,288.0
01.12.2023,FUR. 800,207.0
01.12.2023,FUR 1500 (High),207.0
01.12.2023,FUR. 1500 (Low),207.0
01.11.2023,LP 95,423.0
01.11.2023,LP 92,356.0
01.11.2023,LAD,356.0
01.11.2023,LSD,431.0
01.11.2023,LK,249.0
01.11.2023,LIK,288.0
01.11.2023,FUR. 800,207.0
01.11.2023,FUR 1500 (High),207.0
01.11.2023,FUR. 1500 (Low),207.0
02.10.2023,LP 95,420.0
02.10.2023,LP 92,365.0
02.10.2023,LAD,351.0
02.10.2023,LSD,421.0
02.10.2023,LK,242.0
02.10.2023,LIK,300.0
02.10.2023,FUR. 800,191.0
02.10.2023,FUR 1500 (High),191.0
02.10.2023,FUR. 1500 (Low),191.0
01.09.2023,LP 95,417.0
01.09.2023,LP 92,361.0
01.09.2023,LAD,341.0
01.09.2023,LSD,359.0
01.09.2023,LK,231.0
01.09.2023,LIK,238.0
01.09.2023,FUR. 800,191.0
01.09.2023,FUR 1500 (High),191.0
01.09.2023,FUR. 1500 (Low),191.0
01.08.2023,LP 95,375.0
01.08.2023,LP 92,348.0
01.08.2023,LAD,306.0
01.08.2023,LSD,358.0
01.08.2023,LK,226.0
01.08.2023,LIK,231.0
01.08.2023,FUR. 800,203.0
01.08.2023,FUR 1500 (High),203.0
01.08.2023,FUR. 1500 (Low),203.0
01.07.2023,LP 95,365.0
01.07.2023,LP 92,328.0
01.07.2023,LAD,308.0
01.07.2023,LSD,346.0
01.07.2023,LK,236.0
01.07.2023,LIK,270.0
01.07.2023,FUR. 800,216.0
01.07.2023,FUR 1500 (High),216.0
01.07.2023,FUR. 1500 (Low),216.0
01.06.2023,LP 95,385.0
01.06.2023,LP 92,318.0
01.06.2023,LAD,310.0
01.06.2023,LSD,340.0
01.06.2023,LK,245.0
01.06.2023,LIK,270.0
01.06.2023,FUR. 800,216.0
01.06.2023,FUR 1500 (High),216.0
01.06.2023,FUR. 1500 (Low),216.0
01.05.2023,LP 95,365.0
01.05.2023,LP 92,333.0
01.05.2023,LAD,310.0
01.05.2023,LSD,330.0
01.05.2023,LK,295.0
01.05.2023,LIK,330.0
01.05.2023,FUR. 800,261.0
01.05.2023,FUR 1500 (High),261.0
01.05.2023,FUR. 1500 (Low),261.0
30.03.2023,LP 95,375.0
30.03.2023,LP 92,340.0
30.03.2023,LAD,325.0
30.03.2023,LSD,465.0
30.03.2023,LK,295.0
30.03.2023,LIK,330.0
30.03.2023,FUR. 800,320.0
30.03.2023,FUR 1500 (High),320.0
30.03.2023,FUR. 1500 (Low),320.0
02.03.2023,LP 95,510.0
02.03.2023,LP 92,400.0
02.03.2023,LAD,405.0
02.03.2023,LSD,510.0
02.03.2023,LK,305.0
02.03.2023,LIK,330.0
02.03.2023,FUR. 800,320.0
02.03.2023,FUR 1500 (High),320.0
02.03.2023,FUR. 1500 (Low),320.0
01.02.2023,LP 95,510.0
01.02.2023,LP 92,400.0
01.02.2023,LAD,405.0
01.02.2023,LSD,510.0
01.02.2023,LK,355.0
01.02.2023,LIK,464.0
01.02.2023,FUR. 800,320.0
01.02.2023,FUR 1500 (High),320.0
01.02.2023,FUR. 1500 (Low),320.0
03.01.2023,LP 95,510.0
03.01.2023,LP 92,370.0
03.01.2023,LAD,405.0
03.01.2023,LSD,510.0
03.01.2023,LK,355.0
03.01.2023,LIK,464.0
03.01.2023,FUR. 800,320.0
03.01.2023,FUR 1500 (High),320.0
03.01.2023,FUR. 1500 (Low),320.0
06.12.2022,LP 95,510.0
06.12.2022,LP 92,370.0
06.12.2022,LAD,420.0
06.12.2022,LSD,510.0
06.12.2022,LK,365.0
06.12.2022,LIK,464.0
06.12.2022,FUR. 800,320.0
06.12.2022,FUR 1500 (High),320.0
06.12.2022,FUR. 1500 (Low),320.0
12.11.2022,LP 95,510.0
12.11.2022,LP 92,370.0
12.11.2022,LAD,430.0
12.11.2022,LSD,510.0
12.11.2022,LK,365.0
12.11.2022,LIK,464.0
12.11.2022,FUR. 800,419.0
12.11.2022,FUR 1500 (High),419.0
12.11.2022,FUR. 1500 (Low),419.0
17.10.2022,LP 95,510.0
17.10.2022,LP 92,370.0
17.10.2022,LAD,415.0
17.10.2022,LSD,510.0
17.10.2022,LK,340.0
17.10.2022,LIK,464.0
17.10.2022,FUR. 800,320.0
17.10.2022,FUR 1500 (High),320.0
17.10.2022,FUR. 1500 (Low),320.0
17.10.2022(9.00 PM),LP 95,510.0
17.10.2022(9.00 PM),LP 92,370.0
17.10.2022(9.00 PM),LAD,415.0
17.10.2022(9.00 PM),LSD,510.0
17.10.2022(9.00 PM),LK,340.0
17.10.2022(9.00 PM),LIK,464.0
17.10.2022(9.00 PM),FUR. 800,419.0
17.10.2022(9.00 PM),FUR 1500 (High),419.0
17.10.2022(9.00 PM),FUR. 1500 (Low),419.0
02.10.2022,LP 95,510.0
02.10.2022,LP 92,410.0
02.10.2022,LAD,430.0
02.10.2022,LSD,510.0
02.10.2022,LK,340.0
02.10.2022,LIK,464.0
02.10.2022,FUR. 800,419.0
02.10.2022,FUR 1500 (High),419.0
02.10.2022,FUR. 1500 (Low),419.0
21.08.2022,LP 95,540.0
21.08.2022,LP 92,450.0
21.08.2022,LAD,430.0
21.08.2022,LSD,510.0
21.08.2022,LK,340.0
21.08.2022,LIK,464.0
21.08.2022,FUR. 800,419.0
21.08.2022,FUR 1500 (High),419.0
21.08.2022,FUR. 1500 (Low),419.0
01.08.2022,LP 95,540.0
01.08.2022,LP 92,450.0
01.08.2022,LAD,430.0
01.08.2022,LSD,510.0
01.08.2022,LK,87.0
01.08.2022,LIK,464.0
01.08.2022,FUR. 800,419.0
01.08.2022,FUR 1500 (High),419.0
01.08.2022,FUR. 1500 (Low),419.0
17.07.2022,LP 95,540.0
17.07.2022,LP 92,450.0
17.07.2022,LAD,440.0
17.07.2022,LSD,510.0
17.07.2022,LK,87.0
17.07.2022,LIK,464.0
17.07.2022,FUR. 800,419.0
17.07.2022,FUR 1500 (High),419.0
17.07.2022,FUR. 1500 (Low),419.0
26.06.2022,LP 95,550.0
26.06.2022,LP 92,470.0
26.06.2022,LAD,460.0
26.06.2022,LSD,520.0
26.06.2022,LK,87.0
26.06.2022,LIK,464.0
26.06.2022,FUR. 800,419.0
26.06.2022,FUR 1500 (High),419.0
26.06.2022,FUR. 1500 (Low),419.0
24.05.2022,LP 95,450.0
24.05.2022,LP 92,420.0
24.05.2022,LAD,400.0
24.05.2022,LSD,445.0
24.05.2022,LK,87.0
24.05.2022,LIK,399.0
24.05.2022,FUR. 800,369.0
24.05.2022,FUR 1500 (High),369.0
24.05.2022,FUR. 1500 (Low),369.0
22.04.2022,LP 95,373.0
22.04.2022,LP 92,338.0
22.04.2022,LAD,289.0
22.04.2022,LSD,329.0
22.04.2022,LK,87.0
22.04.2022,LIK,305.0
22.04.2022,FUR. 800,289.0
22.04.2022,FUR 1500 (High),289.0
22.04.2022,FUR. 1500 (Low),289.0
18.04.2022,LP 95,373.0
18.04.2022,LP 92,338.0
18.04.2022,LAD,289.0
18.04.2022,LSD,329.0
18.04.2022,LK,87.0
18.04.2022,LIK,160.0
18.04.2022,FUR. 800,214.0
18.04.2022,FUR 1500 (High),214.0
18.04.2022,FUR. 1500 (Low),214.0
22.03.2022,LP 95,283.0
22.03.2022,LP 92,254.0
22.03.2022,LAD,176.0
22.03.2022,LSD,254.0
22.03.2022,LK,87.0
22.03.2022,LIK,160.0
22.03.2022,FUR. 800,214.0
22.03.2022,FUR 1500 (High),214.0
22.03.2022,FUR. 1500 (Low),214.0
11.03.2022,LP 95,283.0
11.03.2022,LP 92,254.0
11.03.2022,LAD,176.0
11.03.2022,LSD,254.0
11.03.2022,LK,87.0
11.03.2022,LIK,110.0
11.03.2022,FUR. 800,214.0
11.03.2022,FUR 1500 (High),214.0
11.03.2022,FUR. 1500 (Low),214.0
27.12.2021,LP 95,207.0
27.12.2021,LP 92,177.0
27.12.2021,LAD,121.0
27.12.2021,LSD,159.0
27.12.2021,LK,87.0
27.12.2021,LIK,110.0
27.12.2021,FUR. 800,110.0
27.12.2021,FUR 1500 (High),110.0
27.12.2021,FUR. 1500 (Low),110.0
20.12.2021,LP 95,207.0
20.12.2021,LP 92,177.0
20.12.2021,LAD,121.0
20.12.2021,LSD,159.0
20.12.2021,LK,87.0
20.12.2021,LIK,110.0
20.12.2021,FUR. 800,92.0
20.12.2021,FUR 1500 (High),96.0
20.12.2021,FUR. 1500 (Low),96.0
11.06.2021,LP 95,184.0
11.06.2021,LP 92,157.0
11.06.2021,LAD,111.0
11.06.2021,LSD,144.0
11.06.2021,LK,77.0
11.06.2021,LIK,110.0
11.06.2021,FUR. 800,92.0
11.06.2021,FUR 1500 (High),96.0
11.06.2021,FUR. 1500 (Low),96.0
10.09.2019,LP 95,161.0
10.09.2019,LP 92,137.0
10.09.2019,LAD,104.0
10.09.2019,LSD,132.0
10.09.2019,LK,70.0
10.09.2019,LIK,110.0
10.09.2019,FUR. 800,92.0
10.09.2019,FUR 1500 (High),96.0
10.09.2019,FUR. 1500 (Low),96.0
13.08.2019,LP 95,163.0
13.08.2019,LP 92,138.0
13.08.2019,LAD,104.0
13.08.2019,LSD,134.0
13.08.2019,LK,70.0
13.08.2019,LIK,110.0
13.08.2019,FUR. 800,92.0
13.08.2019,FUR 1500 (High),96.0
13.08.2019,FUR. 1500 (Low),96.0
11.07.2019,LP 95,159.0
11.07.2019,LP 92,136.0
11.07.2019,LAD,104.0
11.07.2019,LSD,131.0
11.07.2019,LK,70.0
11.07.2019,LIK,110.0
11.07.2019,FUR. 800,92.0
11.07.2019,FUR 1500 (High),96.0
11.07.2019,FUR. 1500 (Low),96.0
11.06.2019,LP 95,164.0
11.06.2019,LP 92,138.0
11.06.2019,LAD,104.0
11.06.2019,LSD,136.0
11.06.2019,LK,70.0
11.06.2019,LIK,110.0
11.06.2019,FUR. 800,92.0
11.06.2019,FUR 1500 (High),96.0
11.06.2019,FUR. 1500 (Low),96.0
11.05.2019,LP 95,164.0
11.05.2019,LP 92,135.0
11.05.2019,LAD,104.0
11.05.2019,LSD,136.0
11.05.2019,LK,70.0
11.05.2019,LIK,110.0
11.05.2019,FUR. 800,92.0
11.05.2019,FUR 1500 (High),96.0
11.05.2019,FUR. 1500 (Low),96.0
13.03.2019,LP 95,159.0
13.03.2019,LP 92,132.0
13.03.2019,LAD,104.0
13.03.2019,LSD,134.0
13.03.2019,LK,70.0
13.03.2019,LIK,110.0
13.03.2019,FUR. 800,92.0
13.03.2019,FUR 1500 (High),96.0
13.03.2019,FUR. 1500 (Low),96.0
12.02.2019,LP 95,152.0
12.02.2019,LP 92,129.0
12.02.2019,LAD,103.0
12.02.2019,LSD,129.0
12.02.2019,LK,70.0
12.02.2019,LIK,110.0
12.02.2019,FUR. 800,92.0
12.02.2019,FUR 1500 (High),96.0
12.02.2019,FUR. 1500 (Low),96.0
11.01.2019,LP 95,147.0
11.01.2019,LP 92,123.0
11.01.2019,LAD,99.0
11.01.2019,LSD,118.0
11.01.2019,LK,70.0
11.01.2019,LIK,110.0
11.01.2019,FUR. 800,92.0
11.01.2019,FUR 1500 (High),96.0
11.01.2019,FUR. 1500 (Low),96.0
22.12.2018,LP 95,149.0
22.12.2018,LP 92,125.0
22.12.2018,LAD,101.0
22.12.2018,LSD,121.0
22.12.2018,LK,70.0
22.12.2018,LIK,110.0
22.12.2018,FUR. 800,92.0
22.12.2018,FUR 1500 (High),96.0
22.12.2018,FUR. 1500 (Low),96.0
01.12.2018,LP 95,159.0
01.12.2018,LP 92,135.0
01.12.2018,LAD,106.0
01.12.2018,LSD,131.0
01.12.2018,LK,70.0
01.12.2018,LIK,110.0
01.12.2018,FUR. 800,92.0
01.12.2018,FUR 1500 (High),96.0
01.12.2018,FUR. 1500 (Low),96.0
16.11.2018,LP 95,164.0
16.11.2018,LP 92,140.0
16.11.2018,LAD,111.0
16.11.2018,LSD,136.0
16.11.2018,LK,70.0
16.11.2018,LIK,110.0
16.11.2018,FUR. 800,92.0
16.11.2018,FUR 1500 (High),96.0
16.11.2018,FUR. 1500 (Low),96.0
02.11.2018,LP 95,169.0
02.11.2018,LP 92,145.0
02.11.2018,LAD,116.0
02.11.2018,LSD,141.0
02.11.2018,LK,70.0
02.11.2018,LIK,110.0
02.11.2018,FUR. 800,92.0
02.11.2018,FUR 1500 (High),96.0
02.11.2018,FUR. 1500 (Low),96.0
11.10.2018,LP 95,169.0
11.10.2018,LP 92,155.0
11.10.2018,LAD,123.0
11.10.2018,LSD,141.0
11.10.2018,LK,70.0
11.10.2018,LIK,110.0
11.10.2018,FUR. 800,92.0
11.10.2018,FUR 1500 (High),96.0
11.10.2018,FUR. 1500 (Low),96.0
11.09.2018,LP 95,161.0
11.09.2018,LP 92,149.0
11.09.2018,LAD,123.0
11.09.2018,LSD,133.0
11.09.2018,LK,70.0
11.09.2018,LIK,110.0
11.09.2018,FUR. 800,92.0
11.09.2018,FUR 1500 (High),96.0
11.09.2018,FUR. 1500 (Low),96.0
04.09.2018,LP 95,157.0
04.09.2018,LP 92,145.0
04.09.2018,LAD,118.0
04.09.2018,LSD,130.0
04.09.2018,LK,70.0
04.09.2018,LIK,110.0
04.09.2018,FUR. 800,92.0
04.09.2018,FUR 1500 (High),96.0
04.09.2018,FUR. 1500 (Low),96.0
11.08.2018,LP 95,157.0
11.08.2018,LP 92,145.0
11.08.2018,LAD,118.0
11.08.2018,LSD,130.0
11.08.2018,LK,70.0
11.08.2018,LIK,110.0
11.08.2018,FUR. 800,82.2
11.08.2018,FUR 1500 (High),80.0
11.08.2018,FUR. 1500 (Low),90.0
11.07.2018,LP 95,155.0
11.07.2018,LP 92,145.0
11.07.2018,LAD,118.0
11.07.2018,LSD,129.0
11.07.2018,LK,70.0
11.07.2018,LIK,110.0
11.07.2018,FUR. 800,82.2
11.07.2018,FUR 1500 (High),80.0
11.07.2018,FUR. 1500 (Low),90.0
13.06.2018,LP 95,148.0
13.06.2018,LP 92,137.0
13.06.2018,LAD,109.0
13.06.2018,LSD,119.0
13.06.2018,LK,70.0
13.06.2018,LIK,110.0
13.06.2018,FUR. 800,82.2
13.06.2018,FUR 1500 (High),80.0
13.06.2018,FUR. 1500 (Low),90.0
11.05.2018,LP 95,148.0
11.05.2018,LP 92,137.0
11.05.2018,LAD,109.0
11.05.2018,LSD,119.0
11.05.2018,LK,101.0
11.05.2018,LIK,110.0
11.05.2018,FUR. 800,82.2
11.05.2018,FUR 1500 (High),80.0
11.05.2018,FUR. 1500 (Low),90.0
28.11.2015,LP 95,128.0
28.11.2015,LP 92,117.0
28.11.2015,LAD,95.0
28.11.2015,LSD,110.0
28.11.2015,LK,49.0
28.11.2015,LIK,88.0
28.11.2015,FUR. 800,82.2
28.11.2015,FUR 1500 (High),80.0
28.11.2015,FUR. 1500 (Low),90.0
29.01.2015,LP 95,128.0
29.01.2015,LP 92,117.0
29.01.2015,LAD,95.0
29.01.2015,LSD,110.0
29.01.2015,LK,59.0
29.01.2015,LIK,88.0
29.01.2015,FUR. 800,82.2
29.01.2015,FUR 1500 (High),80.0
29.01.2015,FUR. 1500 (Low),90.0
22.01.2015,LP 95,128.0
22.01.2015,LP 92,117.0
22.01.2015,LAD,95.0
22.01.2015,LSD,110.0
22.01.2015,LK,65.0
22.01.2015,LIK,94.0
22.01.2015,FUR. 800,82.2
22.01.2015,FUR 1500 (High),80.0
22.01.2015,FUR. 1500 (Low),90.0
01.01.2015,LP 95,158.0
01.01.2015,LP 92,150.0
01.01.2015,LAD,111.0
01.01.2015,LSD,133.0
01.01.2015,LK,81.0
01.01.2015,LIK,110.0
01.01.2015,FUR. 800,82.2
01.01.2015,FUR 1500 (High),80.0
01.01.2015,FUR. 1500 (Low),90.0
05.12.2014,LP 95,158.0
05.12.2014,LP 92,150.0
05.12.2014,LAD,111.0
05.12.2014,LSD,133.0
05.12.2014,LK,81.0
05.12.2014,LIK,110.0
05.12.2014,FUR. 800,92.2
05.12.2014,FUR 1500 (High),
05.12.2014,FUR. 1500 (Low),90.0
17.09.2014,LP 95,165.0
17.09.2014,LP 92,157.0
17.09.2014,LAD,118.0
17.09.2014,LSD,140.0
17.09.2014,LK,86.0
17.09.2014,LIK,115.0
17.09.2014,FUR. 800,92.2
17.09.2014,FUR 1500 (High),
17.09.2014,FUR. 1500 (Low),90.0
23.02.2013,LP 95,170.0
23.02.2013,LP 92,162.0
23.02.2013,LAD,121.0
23.02.2013,LSD,145.0
23.02.2013,LK,106.0
23.02.2013,LIK,115.0
23.02.2013,FUR. 800,92.2
23.02.2013,FUR 1500 (High),
23.02.2013,FUR. 1500 (Low),90.0
14.12.2012,LP 95,167.0
14.12.2012,LP 92,159.0
14.12.2012,LAD,115.0
14.12.2012,LSD,142.0
14.12.2012,LK,106.0
14.12.2012,LIK,111.0
14.12.2012,FUR. 800,92.2
14.12.2012,FUR 1500 (High),
14.12.2012,FUR. 1500 (Low),90.0
12.02.2012,LP 95,167.0
12.02.2012,LP 92,149.0
12.02.2012,LAD,115.0
12.02.2012,LSD,142.0
12.02.2012,LK,106.0
12.02.2012,LIK,111.0
12.02.2012,FUR. 800,92.2
12.02.2012,FUR 1500 (High),
12.02.2012,FUR. 1500 (Low),90.0
30.10.2011,LP 95,155.0
30.10.2011,LP 92,137.0
30.10.2011,LAD,84.0
30.10.2011,LSD,106.3
30.10.2011,LK,71.0
30.10.2011,LIK,76.0
30.10.2011,FUR. 800,52.2
30.10.2011,FUR 1500 (High),
30.10.2011,FUR. 1500 (Low),50.0
01.04.2011,LP 95,143.0
01.04.2011,LP 92,125.0
01.04.2011,LAD,76.0
01.04.2011,LSD,98.3
01.04.2011,LK,61.0
01.04.2011,LIK,66.0
01.04.2011,FUR. 800,52.2
01.04.2011,FUR 1500 (High),
01.04.2011,FUR. 1500 (Low),50.0
01.09.2010,LP 95,133.0
01.09.2010,LP 92,115.0
01.09.2010,LAD,73.0
01.09.2010,LSD,88.3
01.09.2010,LK,51.0
01.09.2010,LIK,56.0
01.09.2010,FUR. 800,42.2
01.09.2010,FUR 1500 (High),
01.09.2010,FUR. 1500 (Low),40.0
29.12.2009,LP 95,133.0
29.12.2009,LP 92,115.0
29.12.2009,LAD,73.0
29.12.2009,LSD,88.3
29.12.2009,LK,51.0
29.12.2009,LIK,56.0
29.12.2009,FUR. 800,32.9
29.12.2009,FUR 1500 (High),
29.12.2009,FUR. 1500 (Low),32.7
02.07.2009,LP 95,148.0
02.07.2009,LP 92,130.0
02.07.2009,LAD,73.0
02.07.2009,LSD,88.3
02.07.2009,LK,51.0
02.07.2009,LIK,56.0
02.07.2009,FUR. 800,34.9
02.07.2009,FUR 1500 (High),
02.07.2009,FUR. 1500 (Low),32.7
30.12.2008,LP 95,133.0
30.12.2008,LP 92,120.0
30.12.2008,LAD,70.0
30.12.2008,LSD,85.3
30.12.2008,LK,50.0
30.12.2008,LIK,55.0
30.12.2008,FUR. 800,33.9
30.12.2008,FUR 1500 (High),
30.12.2008,FUR. 1500 (Low),25.0
06.12.2008,LP 95,135.0
06.12.2008,LP 92,122.0
06.12.2008,LAD,80.0
06.12.2008,LSD,95.3
06.12.2008,LK,60.0
06.12.2008,LIK,65.0
06.12.2008,FUR. 800,53.9
06.12.2008,FUR 1500 (High),
06.12.2008,FUR. 1500 (Low),51.7
07.11.2008,LP 95,155.0
07.11.2008,LP 92,142.0
07.11.2008,LAD,80.0
07.11.2008,LSD,95.3
07.11.2008,LK,60.0
07.11.2008,LIK,65.0
07.11.2008,FUR. 800,53.9
07.11.2008,FUR 1500 (High),
07.11.2008,FUR. 1500 (Low),51.7
25.05.2008,LP 95,170.0
25.05.2008,LP 92,157.0
25.05.2008,LAD,110.0
25.05.2008,LSD,125.3
25.05.2008,LK,80.0
25.05.2008,LIK,85.0
25.05.2008,FUR. 800,63.9
25.05.2008,FUR 1500 (High),
25.05.2008,FUR. 1500 (Low),61.7
14.01.2008,LP 95,130.0
14.01.2008,LP 92,127.0
14.01.2008,LAD,80.0
14.01.2008,LSD,85.3
14.01.2008,LK,70.0
14.01.2008,LIK,75.0
14.01.2008,FUR. 800,63.9
14.01.2008,FUR 1500 (High),
14.01.2008,FUR. 1500 (Low),61.7
29.07.2007,LP 95,120.0
29.07.2007,LP 92,117.0
29.07.2007,LAD,75.0
29.07.2007,LSD,80.3
29.07.2007,LK,68.0
29.07.2007,LIK,69.0
29.07.2007,FUR. 800,53.9
29.07.2007,FUR 1500 (High),
29.07.2007,FUR. 1500 (Low),51.7
30.06.2007,LP 95,114.0
30.06.2007,LP 92,111.0
30.06.2007,LAD,71.0
30.06.2007,LSD,76.3
30.06.2007,LK,67.0
30.06.2007,LIK,68.0
30.06.2007,FUR. 800,49.9
30.06.2007,FUR 1500 (High),
30.06.2007,FUR. 1500 (Low),47.7
12.05.2007,LP 95,109.0
12.05.2007,LP 92,106.0
12.05.2007,LAD,67.0
12.05.2007,LSD,72.3
12.05.2007,LK,51.0
12.05.2007,LIK,61.3
12.05.2007,FUR. 800,45.9
12.05.2007,FUR 1500 (High),
12.05.2007,FUR. 1500 (Low),43.7
28.04.2007,LP 95,108.0
28.04.2007,LP 92,105.0
28.04.2007,LAD,65.0
28.04.2007,LSD,70.3
28.04.2007,LK,50.0
28.04.2007,LIK,60.3
28.04.2007,FUR. 800,39.9
28.04.2007,FUR 1500 (High),
28.04.2007,FUR. 1500 (Low),37.3
19.04.2007,LP 95,107.0
19.04.2007,LP 92,104.0
19.04.2007,LAD,63.0
19.04.2007,LSD,68.3
19.04.2007,LK,48.0
19.04.2007,LIK,60.3
19.04.2007,FUR. 800,39.9
19.04.2007,FUR 1500 (High),
19.04.2007,FUR. 1500 (Low),37.3
05.01.2007,LP 95,97.0
05.01.2007,LP 92,100.0
05.01.2007,LAD,60.0
05.01.2007,LSD,65.3
05.01.2007,LK,48.0
05.01.2007,LIK,58.3
05.01.2007,FUR. 800,45.8
05.01.2007,FUR 1500 (High),
05.01.2007,FUR. 1500 (Low),37.7
01.01.2007,LP 95,95.0
01.01.2007,LP 92,92.0
01.01.2007,LAD,60.0
01.01.2007,LSD,65.3
01.01.2007,LK,48.0
01.01.2007,LIK,58.3
01.01.2007,FUR. 800,45.8
01.01.2007,FUR 1500 (High),
01.01.2007,FUR. 1500 (Low),37.7
27.12.2006,LP 95,95.0
27.12.2006,LP 92,92.0
27.12.2006,LAD,60.0
27.12.2006,LSD,65.3
27.12.2006,LK,48.0
27.12.2006,LIK,58.3
27.12.2006,FUR. 800,45.8
27.12.2006,FUR 1500 (High),
27.12.2006,FUR. 1500 (Low),43.3
26.10.2006,LP 95,95.0
26.10.2006,LP 92,92.0
26.10.2006,LAD,60.0
26.10.2006,LSD,65.3
26.10.2006,LK,48.0
26.10.2006,LIK,50.3
26.10.2006,FUR. 800,45.8
26.10.2006,FUR 1500 (High),
26.10.2006,FUR. 1500 (Low),43.3
02.08.2006,LP 95,99.0
02.08.2006,LP 92,96.0
02.08.2006,LAD,64.0
02.08.2006,LSD,69.3
02.08.2006,LK,45.5
02.08.2006,LIK,47.8
02.08.2006,FUR. 800,47.8
02.08.2006,FUR 1500 (High),
02.08.2006,FUR. 1500 (Low),45.3
11.06.2006,LP 95,96.0
11.06.2006,LP 92,93.0
11.06.2006,LAD,61.0
11.06.2006,LSD,68.3
11.06.2006,LK,43.5
11.06.2006,LIK,45.8
11.06.2006,FUR. 800,45.8
11.06.2006,FUR 1500 (High),
11.06.2006,FUR. 1500 (Low),43.3
16.04.2006,LP 95,91.0
16.04.2006,LP 92,88.0
16.04.2006,LAD,58.0
16.04.2006,LSD,63.3
16.04.2006,LK,38.5
16.04.2006,LIK,40.8
16.04.2006,FUR. 800,40.8
16.04.2006,FUR 1500 (High),
16.04.2006,FUR. 1500 (Low),38.3
16.04.2006,LP 95,91.0
16.04.2006,LP 92,88.0
16.04.2006,LAD,58.0
16.04.2006,LSD,63.3
16.04.2006,LK,38.5
16.04.2006,LIK,40.8
16.04.2006,FUR. 800,40.8
16.04.2006,FUR 1500 (High),
16.04.2006,FUR. 1500 (Low),38.3
06.06.2005,LP 95,83.0
06.06.2005,LP 92,80.0
06.06.2005,LAD,50.0
06.06.2005,LSD,55.3
06.06.2005,LK,30.5
06.06.2005,LIK,32.8
06.06.2005,FUR. 800,32.8
06.06.2005,FUR 1500 (High),
06.06.2005,FUR. 1500 (Low),30.3
05.05.2005,LP 95,77.0
05.05.2005,LP 92,74.0
05.05.2005,LAD,46.0
05.05.2005,LSD,51.3
05.05.2005,LK,28.5
05.05.2005,LIK,30.8
05.05.2005,FUR. 800,30.3
05.05.2005,FUR 1500 (High),
05.05.2005,FUR. 1500 (Low),28.3
25.09.2004,LP 95,73.0
25.09.2004,LP 92,70.0
25.09.2004,LAD,44.0
25.09.2004,LSD,49.3
25.09.2004,LK,25.5
25.09.2004,LIK,27.8
25.09.2004,FUR. 800,25.2
25.09.2004,FUR 1500 (High),
25.09.2004,FUR. 1500 (Low),24.3
13.08.2004,LP 95,71.0
13.08.2004,LP 92,68.0
13.08.2004,LAD,36.0
13.08.2004,LSD,41.3
13.08.2004,LK,25.5
13.08.2004,LIK,27.8
13.08.2004,FUR. 800,25.2
13.08.2004,FUR 1500 (High),
13.08.2004,FUR. 1500 (Low),24.3
23.07.2004,LP 95,68.0
23.07.2004,LP 92,65.0
23.07.2004,LAD,32.0
23.07.2004,LSD,37.5
23.07.2004,LK,25.5
23.07.2004,LIK,27.8
23.07.2004,FUR. 800,24.7
23.07.2004,FUR 1500 (High),
23.07.2004,FUR. 1500 (Low),23.3
12.02.2004,LP 95,60.0
12.02.2004,LP 92,57.0
12.02.2004,LAD,32.0
12.02.2004,LSD,37.5
12.02.2004,LK,25.5
12.02.2004,LIK,27.8
12.02.2004,FUR. 800,24.7
12.02.2004,FUR 1500 (High),
12.02.2004,FUR. 1500 (Low),23.3
25.01.2004,LP 95,58.0
25.01.2004,LP 92,55.0
25.01.2004,LAD,32.0
25.01.2004,LSD,37.5
25.01.2004,LK,25.5
25.01.2004,LIK,27.8
25.01.2004,FUR. 800,23.7
25.01.2004,FUR 1500 (High),
25.01.2004,FUR. 1500 (Low),22.3
04.12.2003,LP 95,56.0
04.12.2003,LP 92,53.0
04.12.2003,LAD,32.0
04.12.2003,LSD,37.3
04.12.2003,LK,25.5
04.12.2003,LIK,27.8
04.12.2003,FUR. 800,23.7
04.12.2003,FUR 1500 (High),
04.12.2003,FUR. 1500 (Low),22.3
11.11.2003,LP 95,56.0
11.11.2003,LP 92,53.0
11.11.2003,LAD,31.0
11.11.2003,LSD,36.3
11.11.2003,LK,23.5
11.11.2003,LIK,25.8
11.11.2003,FUR. 800,23.5
11.11.2003,FUR 1500 (High),
11.11.2003,FUR. 1500 (Low),22.2
05.10.2003,LP 95,55.0
05.10.2003,LP 92,52.0
05.10.2003,LAD,30.5
05.10.2003,LSD,35.8
05.10.2003,LK,23.0
05.10.2003,LIK,25.3
05.10.2003,FUR. 800,23.1
05.10.2003,FUR 1500 (High),
05.10.2003,FUR. 1500 (Low),21.8
04.09.2003,LP 95,57.0
04.09.2003,LP 92,54.0
04.09.2003,LAD,31.5
04.09.2003,LSD,36.8
04.09.2003,LK,25.0
04.09.2003,LIK,27.3
04.09.2003,FUR. 800,24.3
04.09.2003,FUR 1500 (High),
04.09.2003,FUR. 1500 (Low),23.1
07.08.2003,LP 95,55.0
07.08.2003,LP 92,52.0
07.08.2003,LAD,30.0
07.08.2003,LSD,35.3
07.08.2003,LK,24.0
07.08.2003,LIK,26.3
07.08.2003,FUR. 800,24.9
07.08.2003,FUR 1500 (High),
07.08.2003,FUR. 1500 (Low),24.2
30.06.2003,LP 95,55.0
30.06.2003,LP 92,52.0
30.06.2003,LAD,30.0
30.06.2003,LSD,35.3
30.06.2003,LK,24.0
30.06.2003,LIK,26.3
30.06.2003,FUR. 800,23.1
30.06.2003,FUR 1500 (High),
30.06.2003,FUR. 1500 (Low),22.2
20.05.2003,LP 95,55.0
20.05.2003,LP 92,52.0
20.05.2003,LAD,30.0
20.05.2003,LSD,35.3
20.05.2003,LK,24.0
20.05.2003,LIK,26.3
20.05.2003,FUR. 800,26.6
20.05.2003,FUR 1500 (High),
20.05.2003,FUR. 1500 (Low),25.7
25.04.2003,LP 95,57.0
25.04.2003,LP 92,54.0
25.04.2003,LAD,30.0
25.04.2003,LSD,35.3
25.04.2003,LK,24.0
25.04.2003,LIK,26.3
25.04.2003,FUR. 800,26.6
25.04.2003,FUR 1500 (High),
25.04.2003,FUR. 1500 (Low),25.7
26.03.2003,LP 95,56.0
26.03.2003,LP 92,53.0
26.03.2003,LAD,30.0
26.03.2003,LSD,35.3
26.03.2003,LK,24.0
26.03.2003,LIK,26.3
26.03.2003,FUR. 800,26.6
26.03.2003,FUR 1500 (High),
26.03.2003,FUR. 1500 (Low),25.7
14.02.2003,LP 95,54.0
14.02.2003,LP 92,51.0
14.02.2003,LAD,30.0
14.02.2003,LSD,35.3
14.02.2003,LK,24.0
14.02.2003,LIK,26.3
14.02.2003,FUR. 800,25.6
14.02.2003,FUR 1500 (High),
14.02.2003,FUR. 1500 (Low),24.7
16.01.2003,LP 95,52.0
16.01.2003,LP 92,49.0
16.01.2003,LAD,30.0
16.01.2003,LSD,35.3
16.01.2003,LK,24.0
16.01.2003,LIK,26.3
16.01.2003,FUR. 800,23.7
16.01.2003,FUR 1500 (High),
16.01.2003,FUR. 1500 (Low),22.7
16.12.2002,LP 95,52.0
16.12.2002,LP 92,49.0
16.12.2002,LAD,30.0
16.12.2002,LSD,35.3
16.12.2002,LK,24.0
16.12.2002,LIK,26.3
16.12.2002,FUR. 800,21.9
16.12.2002,FUR 1500 (High),
16.12.2002,FUR. 1500 (Low),20.7
15.10.2002,LP 95,52.0
15.10.2002,LP 92,49.0
15.10.2002,LAD,30.0
15.10.2002,LSD,35.3
15.10.2002,LK,24.0
15.10.2002,LIK,26.3
15.10.2002,FUR. 800,24.1
15.10.2002,FUR 1500 (High),
15.10.2002,FUR. 1500 (Low),23.0
16.09.2002,LP 95,50.5
16.09.2002,LP 92,47.5
16.09.2002,LAD,28.5
16.09.2002,LSD,33.8
16.09.2002,LK,22.0
16.09.2002,LIK,24.3
16.09.2002,FUR. 800,23.0
16.09.2002,FUR 1500 (High),
16.09.2002,FUR. 1500 (Low),21.9
15.08.2002,LP 95,50.5
15.08.2002,LP 92,47.5
15.08.2002,LAD,28.0
15.08.2002,LSD,33.3
15.08.2002,LK,21.0
15.08.2002,LIK,23.3
15.08.2002,FUR. 800,21.9
15.08.2002,FUR 1500 (High),
15.08.2002,FUR. 1500 (Low),21.2
29.07.2002,LP 95,50.5
29.07.2002,LP 92,47.5
29.07.2002,LAD,27.5
29.07.2002,LSD,32.8
29.07.2002,LK,20.4
29.07.2002,LIK,22.7
29.07.2002,FUR. 800,20.9
29.07.2002,FUR 1500 (High),
29.07.2002,FUR. 1500 (Low),20.2
15.07.2002,LP 95,50.5
15.07.2002,LP 92,47.5
15.07.2002,LAD,27.5
15.07.2002,LSD,32.8
15.07.2002,LK,20.5
15.07.2002,LIK,22.8
15.07.2002,FUR. 800,20.9
15.07.2002,FUR 1500 (High),
15.07.2002,FUR. 1500 (Low),20.2
21.06.2002,LP 95,57.5
21.06.2002,LP 92,54.5
21.06.2002,LAD,30.5
21.06.2002,LSD,35.3
21.06.2002,LK,20.9
21.06.2002,LIK,23.2
21.06.2002,FUR. 800,21.4
21.06.2002,FUR 1500 (High),
21.06.2002,FUR. 1500 (Low),21.0
21.05.2002,LP 95,57.0
21.05.2002,LP 92,54.0
21.05.2002,LAD,30.0
21.05.2002,LSD,35.3
21.05.2002,LK,20.9
21.05.2002,LIK,23.2
21.05.2002,FUR. 800,21.4
21.05.2002,FUR 1500 (High),
21.05.2002,FUR. 1500 (Low),20.0
22.04.2002,LP 95,55.0
22.04.2002,LP 92,52.0
22.04.2002,LAD,28.0
22.04.2002,LSD,33.3
22.04.2002,LK,19.4
22.04.2002,LIK,21.7
22.04.2002,FUR. 800,19.4
22.04.2002,FUR 1500 (High),
22.04.2002,FUR. 1500 (Low),18.0
22.03.2002,LP 95,53.0
22.03.2002,LP 92,50.0
22.03.2002,LAD,26.0
22.03.2002,LSD,31.3
22.03.2002,LK,17.4
22.03.2002,LIK,19.7
22.03.2002,FUR. 800,17.4
22.03.2002,FUR 1500 (High),
22.03.2002,FUR. 1500 (Low),16.0
25.02.2002,LP 95,52.0
25.02.2002,LP 92,49.0
25.02.2002,LAD,26.0
25.02.2002,LSD,31.3
25.02.2002,LK,17.4
25.02.2002,LIK,19.7
25.02.2002,FUR. 800,17.0
25.02.2002,FUR 1500 (High),
25.02.2002,FUR. 1500 (Low),15.5
28.12.2001,LP 95,53.0
28.12.2001,LP 92,50.0
28.12.2001,LAD,16.5
28.12.2001,LSD,31.8
28.12.2001,LK,17.4
28.12.2001,LIK,19.7
28.12.2001,FUR. 800,17.0
28.12.2001,FUR 1500 (High),
28.12.2001,FUR. 1500 (Low),15.8
15.11.2001,LP 95,53.0
15.11.2001,LP 92,50.0
15.11.2001,LAD,27.5
15.11.2001,LSD,32.8
15.11.2001,LK,17.4
15.11.2001,LIK,19.7
15.11.2001,FUR. 800,17.0
15.11.2001,FUR 1500 (High),
15.11.2001,FUR. 1500 (Low),15.8
15.04.2001,LP 95,53.0
15.04.2001,LP 92,50.0
15.04.2001,LAD,27.5
15.04.2001,LSD,32.8
15.04.2001,LK,19.4
15.04.2001,LIK,21.7
15.04.2001,FUR. 800,17.0
15.04.2001,FUR 1500 (High),
15.04.2001,FUR. 1500 (Low),15.8
27.12.2000,LP 95,53.0
27.12.2000,LP 92,50.0
27.12.2000,LAD,24.5
27.12.2000,LSD,29.8
27.12.2000,LK,18.4
27.12.2000,LIK,20.7
27.12.2000,FUR. 800,15.1
27.12.2000,FUR 1500 (High),
27.12.2000,FUR. 1500 (Low),14.0
16.11.2000,LP 95,53.0
16.11.2000,LP 92,50.0
16.11.2000,LAD,21.5
16.11.2000,LSD,26.8
16.11.2000,LK,17.4
16.11.2000,LIK,19.7
16.11.2000,FUR. 800,13.7
16.11.2000,FUR 1500 (High),
16.11.2000,FUR. 1500 (Low),12.7
12.06.2000,LP 95,53.0
12.06.2000,LP 92,50.0
12.06.2000,LAD,19.5
12.06.2000,LSD,24.8
12.06.2000,LK,15.4
12.06.2000,LIK,17.7
12.06.2000,FUR. 800,10.5
12.06.2000,FUR 1500 (High),
12.06.2000,FUR. 1500 (Low),9.8
07.02.2000,LP 95,53.0
07.02.2000,LP 92,50.0
07.02.2000,LAD,16.2
07.02.2000,LSD,21.5
07.02.2000,LK,15.4
07.02.2000,LIK,17.7
07.02.2000,FUR. 800,7.5
07.02.2000,FUR 1500 (High),
07.02.2000,FUR. 1500 (Low),6.8
26.05.1999,LP 95,53.0
26.05.1999,LP 92,50.0
26.05.1999,LAD,13.2
26.05.1999,LSD,18.5
26.05.1999,LK,10.4
26.05.1999,LIK,12.7
26.05.1999,FUR. 800,7.5
26.05.1999,FUR 1500 (High),
26.05.1999,FUR. 1500 (Low),6.8
28.09.1996,LP 95,55.0
28.09.1996,LP 92,50.0
28.09.1996,LAD,13.2
28.09.1996,LSD,18.5
28.09.1996,LK,10.4
28.09.1996,LIK,12.7
28.09.1996,FUR. 800,7.5
28.09.1996,FUR 1500 (High),
28.09.1996,FUR. 1500 (Low),6.8
09.02.1995,LP 95,42.5
09.02.1995,LP 92,40.0
09.02.1995,LAD,12.4
09.02.1995,LSD,15.2
09.02.1995,LK,9.5
09.02.1995,LIK,11.8
09.02.1995,FUR. 800,6.25
09.02.1995,FUR 1500 (High),
09.02.1995,FUR. 1500 (Low),5.55
26.01.1995,LP 95,42.5
26.01.1995,LP 92,40.0
26.01.1995,LAD,11.4
26.01.1995,LSD,14.2
26.01.1995,LK,9.5
26.01.1995,LIK,11.8
26.01.1995,FUR. 800,6.25
26.01.1995,FUR 1500 (High),
26.01.1995,FUR. 1500 (Low),5.55
28.06.1994,LP 95,37.5
28.06.1994,LP 92,35.0
28.06.1994,LAD,11.4
28.06.1994,LSD,14.2
28.06.1994,LK,9.5
28.06.1994,LIK,11.8
28.06.1994,FUR. 800,6.25
28.06.1994,FUR 1500 (High),
28.06.1994,FUR. 1500 (Low),5.55
28.03.1994,LP 95,37.5
28.03.1994,LP 92,35.0
28.03.1994,LAD,12.4
28.03.1994,LSD,12.2
28.03.1994,LK,11.8
28.03.1994,LIK,11.8
28.03.1994,FUR. 800,6.25
28.03.1994,FUR 1500 (High),
28.03.1994,FUR. 1500 (Low),5.55
17.02.1994,LP 95,37.5
17.02.1994,LP 92,35.0
17.02.1994,LAD,12.3
17.02.1994,LSD,15.1
17.02.1994,LK,11.8
17.02.1994,LIK,11.8
17.02.1994,FUR. 800,6.25
17.02.1994,FUR 1500 (High),
17.02.1994,FUR. 1500 (Low),5.55
17.12.1993,LP 95,37.5
17.12.1993,LP 92,35.0
17.12.1993,LAD,12.2
17.12.1993,LSD,15.0
17.12.1993,LK,11.8
17.12.1993,LIK,11.8
17.12.1993,FUR. 800,6.25
17.12.1993,FUR 1500 (High),
17.12.1993,FUR. 1500 (Low),5.55
14.10.1993,LP 95,37.5
14.10.1993,LP 92,35.0
14.10.1993,LAD,12.0
14.10.1993,LSD,14.8
14.10.1993,LK,11.8
14.10.1993,LIK,11.8
14.10.1993,FUR. 800,6.25
14.10.1993,FUR 1500 (High),
14.10.1993,FUR. 1500 (Low),5.55
30.08.1993,LP 95,35.5
30.08.1993,LP 92,33.0
30.08.1993,LAD,11.9
30.08.1993,LSD,14.7
30.08.1993,LK,11.8
30.08.1993,LIK,11.8
30.08.1993,FUR. 800,6.25
30.08.1993,FUR 1500 (High),
30.08.1993,FUR. 1500 (Low),5.55
12.07.1993,LP 95,35.5
12.07.1993,LP 92,33.0
12.07.1993,LAD,11.8
12.07.1993,LSD,14.6
12.07.1993,LK,11.8
12.07.1993,LIK,11.8
12.07.1993,FUR. 800,6.25
12.07.1993,FUR 1500 (High),
12.07.1993,FUR. 1500 (Low),5.55
11.06.1993,LP 95,35.5
11.06.1993,LP 92,33.0
11.06.1993,LAD,11.7
11.06.1993,LSD,14.5
11.06.1993,LK,11.8
11.06.1993,LIK,11.8
11.06.1993,FUR. 800,6.25
11.06.1993,FUR 1500 (High),
11.06.1993,FUR. 1500 (Low),5.55
07.06.1993,LP 95,35.5
07.06.1993,LP 92,33.0
07.06.1993,LAD,11.7
07.06.1993,LSD,14.5
07.06.1993,LK,8.8
07.06.1993,LIK,9.85
07.06.1993,FUR. 800,6.25
07.06.1993,FUR 1500 (High),
07.06.1993,FUR. 1500 (Low),5.55
21.12.1992,LP 95,35.5
21.12.1992,LP 92,33.0
21.12.1992,LAD,11.65
21.12.1992,LSD,14.5
21.12.1992,LK,8.8
21.12.1992,LIK,9.85
21.12.1992,FUR. 800,6.25
21.12.1992,FUR 1500 (High),
21.12.1992,FUR. 1500 (Low),5.55
03.10.1992,LP 95,35.5
03.10.1992,LP 92,33.0
03.10.1992,LAD,11.6
03.10.1992,LSD,14.5
03.10.1992,LK,8.8
03.10.1992,LIK,9.85
03.10.1992,FUR. 800,6.25
03.10.1992,FUR 1500 (High),
03.10.1992,FUR. 1500 (Low),5.55
21.08.1992,LP 95,35.5
21.08.1992,LP 92,33.0
21.08.1992,LAD,11.55
21.08.1992,LSD,14.5
21.08.1992,LK,8.8
21.08.1992,LIK,9.85
21.08.1992,FUR. 800,6.25
21.08.1992,FUR 1500 (High),
21.08.1992,FUR. 1500 (Low),5.55
14.07.1992,LP 95,32.5
14.07.1992,LP 92,30.0
14.07.1992,LAD,11.55
14.07.1992,LSD,14.5
14.07.1992,LK,8.8
14.07.1992,LIK,9.85
14.07.1992,FUR. 800,6.25
14.07.1992,FUR 1500 (High),
14.07.1992,FUR. 1500 (Low),5.55
28.06.1992,LP 95,32.5
28.06.1992,LP 92,30.0
28.06.1992,LAD,11.5
28.06.1992,LSD,14.5
28.06.1992,LK,8.8
28.06.1992,LIK,9.85
28.06.1992,FUR. 800,6.25
28.06.1992,FUR 1500 (High),
28.06.1992,FUR. 1500 (Low),5.55
13.05.1992,LP 95,32.5
13.05.1992,LP 92,30.0
13.05.1992,LAD,11.5
13.05.1992,LSD,13.5
13.05.1992,LK,8.8
13.05.1992,LIK,9.85
13.05.1992,FUR. 800,6.25
13.05.1992,FUR 1500 (High),
13.05.1992,FUR. 1500 (Low),5.55
01.01.1991,LP 95,32.5
01.01.1991,LP 92,30.0
01.01.1991,LAD,11.0
01.01.1991,LSD,13.0
01.01.1991,LK,8.8
01.01.1991,LIK,9.85
01.01.1991,FUR. 800,6.25
01.01.1991,FUR 1500 (High),
01.01.1991,FUR. 1500 (Low),5.55
26.12.1990,LP 95,32.5
26.12.1990,LP 92,30.0
26.12.1990,LAD,11.0
26.12.1990,LSD,13.0
26.12.1990,LK,8.8
26.12.1990,LIK,9.85
26.12.1990,FUR. 800,6.3
26.12.1990,FUR 1500 (High),
26.12.1990,FUR. 1500 (Low),5.6
05.11.1990,LP 95,38.0
05.11.1990,LP 92,35.0
05.11.1990,LAD,13.0
05.11.1990,LSD,15.0
05.11.1990,LK,8.8
05.11.1990,LIK,9.58
05.11.1990,FUR. 800,6.3
05.11.1990,FUR 1500 (High),
05.11.1990,FUR. 1500 (Low),5.6
14.08.1990,LP 95,27.0
14.08.1990,LP 92,25.0
14.08.1990,LAD,11.0
14.08.1990,LSD,12.5
14.08.1990,LK,8.0
14.08.1990,LIK,9.85
14.08.1990,FUR. 800,5.4
14.08.1990,FUR 1500 (High),
14.08.1990,FUR. 1500 (Low),4.9
01.03.1990,LP 95,22.0
01.03.1990,LP 92,20.0
01.03.1990,LAD,9.6
01.03.1990,LSD,10.9
01.03.1990,LK,6.58
01.03.1990,LIK,9.85
01.03.1990,FUR. 800,4.7
01.03.1990,FUR 1500 (High),
01.03.1990,FUR. 1500 (Low),4.29
