Date,"Buy Rate","Sell Rate"

2024-04-19,296.8792,306.5961
2024-04-18,296.9030,306.4145
2024-04-17,295.2800,305.1931
2024-04-16,294.2057,303.5476
2024-04-15,293.7979,303.2586
2024-04-10,293.6852,303.3335
2024-04-09,294.0863,303.4415
2024-04-08,294.3442,303.8976
2024-04-05,294.9271,304.2846
2024-04-04,295.0963,304.5631
2024-04-03,295.2486,304.6043
2024-04-02,295.2015,304.9073
2024-04-01,295.5750,305.1018
2024-03-28,295.5429,305.3339
2024-03-27,296.7631,306.3453
2024-03-26,297.6319,307.3326
2024-03-25,298.4579,307.9921
2024-03-22,298.9909,308.6902
2024-03-21,299.0465,308.8069
2024-03-20,299.1361,308.7249
2024-03-19,299.2940,308.9065
2024-03-18,300.0562,309.6749
2024-03-15,300.6026,310.2053
2024-03-14,301.0130,310.6428
2024-03-13,301.7622,311.0041
2024-03-12,302.0716,311.4500
2024-03-11,302.6227,311.9825
2024-03-07,303.0947,312.4368
2024-03-06,302.9735,312.6086
2024-03-05,303.0472,312.6876
2024-03-04,303.8123,313.4131
2024-03-01,304.7116,314.2362
2024-02-29,305.1682,314.8771
2024-02-28,305.5624,315.2986
2024-02-27,306.0623,315.7299
2024-02-26,306.0865,315.8517
2024-02-22,306.5399,316.0679
2024-02-21,307.1414,316.8174
2024-02-20,307.3445,317.1692
2024-02-19,307.4708,317.2903
2024-02-16,307.7043,317.7620
2024-02-15,308.2195,318.0679
2024-02-14,308.2669,318.1678
2024-02-13,308.5844,318.4655
2024-02-12,308.1990,317.8272
2024-02-09,308.3194,318.2311
2024-02-08,308.4949,318.5839
2024-02-07,308.5698,318.6869
2024-02-06,307.7464,317.6567
2024-02-05,307.7088,317.2528
2024-02-02,307.1762,316.9979
2024-02-01,310.5415,320.4082
2024-01-31,312.0964,321.8542
2024-01-30,312.8180,322.7398
2024-01-29,312.6759,322.7716
2024-01-26,313.1731,323.1775
2024-01-24,314.9824,324.7787
2024-01-23,315.0324,324.8287
2024-01-22,315.5076,325.3792
2024-01-19,315.9284,326.0600
2024-01-18,316.0759,325.6904
2024-01-17,316.7872,326.4384
2024-01-16,317.3574,327.1890
2024-01-12,317.7976,327.3582
2024-01-11,318.0763,327.6431
2024-01-10,317.8334,327.5427
2024-01-09,317.7816,327.4005
2024-01-08,317.7764,327.4478
2024-01-05,317.7632,327.4610
2024-01-04,317.7600,327.3976
2024-01-03,316.9955,326.6933
2024-01-02,316.9283,326.8587
2024-01-01,319.2318,328.7784
2023-12-29,319.1762,328.7784
2023-12-28,319.1454,328.8731
2023-12-27,320.5347,330.3827
2023-12-22,321.4635,331.3071
2023-12-21,321.9202,331.4997
2023-12-20,321.8940,331.7038
2023-12-19,321.9259,331.6405
2023-12-18,321.9469,331.6089
2023-12-15,321.6940,331.5038
2023-12-14,322.2364,331.4772
2023-12-13,321.7707,331.6167
2023-12-12,322.2493,332.3280
2023-12-11,322.1850,332.3764
2023-12-08,321.8364,331.6615
2023-12-07,321.8784,331.7826
2023-12-06,322.6889,333.0711
2023-12-05,323.0041,333.2059
2023-12-04,322.8933,333.3213
2023-12-01,322.9017,333.2383
2023-11-30,323.4672,333.4564
2023-11-29,324.1526,334.2295
2023-11-28,324.1133,334.1117
2023-11-27,323.6397,333.7056
2023-11-24,323.5585,333.7448
2023-11-23,323.5119,333.7081
2023-11-22,323.4758,333.6609
2023-11-21,323.0561,333.1445
2023-11-20,322.7982,333.2023
2023-11-17,322.8376,333.2524
2023-11-16,323.3533,333.6636
2023-11-15,322.5830,332.9839
2023-11-14,321.7140,332.3660
2023-11-13,322.1205,332.4780
2023-11-10,322.4014,332.7760
2023-11-09,323.1579,333.6374
2023-11-08,322.5072,332.7923
2023-11-07,321.5916,331.9647
2023-11-06,323.9491,334.4083
2023-11-03,323.6552,334.1380
2023-11-02,322.4404,333.4354
2023-11-01,322.3488,332.6334
2023-10-31,322.1725,332.5096
2023-10-30,321.7060,332.4987
2023-10-27,321.5495,332.0178
2023-10-26,321.3904,331.9361
2023-10-25,321.7067,332.5650
2023-10-24,320.8134,331.3956
2023-10-23,320.3297,331.0050
2023-10-20,319.6489,330.4162
2023-10-19,319.2969,329.8115
2023-10-18,318.9233,329.5430
2023-10-17,318.2790,329.4189
2023-10-16,318.1713,328.8534
2023-10-13,318.0872,328.8218
2023-10-12,318.0688,328.8289
2023-10-11,318.0267,328.7869
2023-10-10,317.9102,328.7491
2023-10-09,318.3050,328.9350
2023-10-06,318.2819,328.9108
2023-10-05,318.2266,328.9081
2023-10-04,318.1004,328.9126
2023-10-03,318.3187,329.0008
2023-10-02,318.2787,329.0139
2023-09-27,318.2642,328.9001
2023-09-26,318.7387,329.8014
2023-09-25,318.7387,329.7702
2023-09-22,318.5188,329.5513
2023-09-21,318.9021,329.9016
2023-09-20,318.6982,329.9359
2023-09-19,318.2630,329.6034
2023-09-18,317.6039,328.8363
2023-09-15,317.5436,328.8809
2023-09-14,318.0857,329.5704
2023-09-13,316.7737,328.5308
2023-09-12,316.5407,327.9261
2023-09-11,316.2925,327.6048
2023-09-08,316.3124,327.9947
2023-09-07,316.2754,328.0638
2023-09-06,315.9340,327.5101
2023-09-05,314.8702,326.6530
2023-09-04,313.9388,326.2837
2023-09-01,314.1999,325.8676
2023-08-31,315.3357,326.9396
2023-08-29,317.8342,329.5445
2023-08-28,317.9628,329.5226
2023-08-25,317.8017,329.6392
2023-08-24,317.4823,329.8198
2023-08-23,317.4681,329.8616
2023-08-22,316.9953,329.7506
2023-08-21,316.7286,329.5970
2023-08-18,316.2866,329.4982
2023-08-17,314.7805,327.8749
2023-08-16,314.4528,327.8235
2023-08-15,314.7214,328.0221
2023-08-14,313.9936,326.8853
2023-08-11,313.7834,326.9576
2023-08-10,313.6129,326.7861
2023-08-09,314.9470,327.5220
2023-08-08,315.1109,328.6038
2023-08-07,315.0574,328.5784
2023-08-04,312.5592,326.6580
2023-08-03,308.6091,322.2084
2023-08-02,309.7055,322.6856
2023-07-31,322.9613,335.4036
2023-07-28,322.6693,335.6506
2023-07-27,322.8497,335.8919
2023-07-26,323.6966,337.1774
2023-07-25,323.0392,336.1624
2023-07-24,321.1045,334.5576
2023-07-21,318.7256,331.9854
2023-07-20,316.3078,330.2942
2023-07-19,315.2616,328.9299
2023-07-18,314.9592,328.6534
2023-07-17,313.2921,327.1641
2023-07-14,310.4938,324.6783
2023-07-13,308.1626,321.8765
2023-07-12,306.1518,320.6817
2023-07-11,305.1317,319.3229
2023-07-10,304.0216,318.2388
2023-07-07,302.6459,317.0914
2023-07-06,300.0054,315.1016
2023-07-05,298.8980,313.6680
2023-07-04,299.8709,314.9879
2023-06-28,301.1590,316.6728
2023-06-27,301.3255,316.7243
2023-06-26,299.8333,314.9261
2023-06-23,299.0378,314.3650
2023-06-22,298.5485,314.9630
2023-06-21,298.4708,314.4947
2023-06-20,297.2877,314.3802
2023-06-19,297.5388,315.1281
2023-06-16,300.5194,319.6600
2023-06-15,311.6057,328.9272
2023-06-14,303.1925,318.9974
2023-06-13,294.9114,309.2237
2023-06-12,290.0692,303.7392
2023-06-09,288.0867,301.1291
2023-06-08,285.6900,298.9191
2023-06-07,285.5677,298.4378
2023-06-06,284.8487,297.9434
2023-06-05,285.6164,298.8583
2023-06-02,287.4258,300.3287
2023-06-01,283.8763,297.2316
2023-05-31,287.8711,300.9210
2023-05-30,290.6745,303.9548
2023-05-29,289.8986,303.2640
2023-05-26,295.6297,308.5472
2023-05-25,297.6055,310.9562
2023-05-24,297.9878,311.2316
2023-05-23,299.1941,312.3359
2023-05-22,299.7149,313.8244
2023-05-19,300.6519,314.0848
2023-05-18,299.2144,312.3715
2023-05-17,302.4257,316.1880
2023-05-16,305.4335,318.7965
2023-05-15,306.1892,319.9619
2023-05-12,306.3886,320.0375
2023-05-11,308.6645,322.7018
2023-05-10,310.9048,324.8084
2023-05-09,311.0091,325.9516
2023-05-08,312.1955,326.3198
2023-05-04,312.5034,326.6292
2023-05-03,313.0513,327.9562
2023-05-02,313.7362,328.4158
2023-04-28,313.9239,328.7514
2023-04-27,313.8324,328.7701
2023-04-26,313.4509,328.6723
2023-04-25,313.2667,328.5407
2023-04-24,313.3347,328.4847
2023-04-21,313.0593,328.5152
2023-04-20,313.1292,327.8921
2023-04-19,312.9164,327.7272
2023-04-18,312.4139,327.4612
2023-04-17,312.0717,327.0215
2023-04-12,311.5607,327.1787
2023-04-11,311.4414,327.6693
2023-04-10,311.6379,327.7229
2023-04-06,313.2952,330.5619
2023-04-04,313.3744,330.5038
2023-04-03,316.7511,334.2094
2023-03-31,318.2770,336.0123
2023-03-30,317.7257,335.4110
2023-03-29,315.7075,333.4925
2023-03-28,315.8454,332.8711
2023-03-27,314.8250,332.5841
2023-03-24,314.7491,331.3791
2023-03-23,311.2617,328.6083
2023-03-22,312.6153,330.1625
2023-03-21,316.8483,334.9328
2023-03-20,331.7174,349.8726
2023-03-17,332.2035,350.2275
2023-03-16,329.0282,346.3312
2023-03-15,327.5998,344.6634
2023-03-14,319.8479,335.6887
2023-03-13,311.8237,328.8699
2023-03-10,311.6269,328.9042
2023-03-09,307.3635,325.5218
2023-03-08,313.7749,331.0583
2023-03-07,318.3051,335.7502
2023-03-03,334.5016,348.0322
2023-03-02,343.9719,356.7393
2023-03-01,351.7219,362.9543
2023-02-28,357.6822,366.9212
2023-02-27,358.3621,367.9284
2023-02-24,358.7244,368.7702
2023-02-23,359.0062,368.5292
2023-02-22,359.3576,368.6063
2023-02-21,359.9702,369.3116
2023-02-20,359.4464,369.5636
2023-02-17,359.4766,369.6666
2023-02-16,359.5764,369.8164
2023-02-15,359.6092,369.8892
2023-02-14,359.6455,369.9523
2023-02-13,359.4698,369.9592
2023-02-10,359.0735,370.2484
2023-02-09,359.4009,370.2786
2023-02-08,359.4792,370.3547
2023-02-07,360.0937,370.2611
2023-02-06,359.9968,370.1832
2023-02-03,360.2903,370.3529
2023-02-02,360.4101,371.0331
2023-02-01,360.4935,371.3942
2023-01-31,360.4879,371.3887
2023-01-30,360.4501,371.3035
2023-01-27,360.4879,371.3887
2023-01-26,360.4879,371.3887
2023-01-25,360.4912,371.3909
2023-01-24,360.4912,371.3909
2023-01-23,360.5496,371.3845
2023-01-20,360.5513,371.3915
2023-01-19,360.5572,371.3916
2023-01-18,360.4102,371.4781
2023-01-17,360.4102,371.4781
2023-01-13,360.3991,371.4665
2023-01-12,360.3935,371.4609
2023-01-11,360.4722,371.3646
2023-01-10,360.0599,371.3989
2023-01-09,359.9474,371.5491
2023-01-05,359.9741,371.5724
2023-01-04,359.9741,371.5724
2023-01-03,360.2221,371.5921
2023-01-02,360.4081,371.6068
2022-12-30,360.4081,371.6068
2022-12-29,360.4206,371.6168
2022-12-28,360.4206,371.6168
2022-12-27,360.3893,371.5893
2022-12-23,360.8986,371.7819
2022-12-22,361.0871,371.6613
2022-12-21,361.0847,371.7127
2022-12-20,361.0847,371.6601
2022-12-19,361.1973,371.7191
2022-12-16,361.1973,371.7191
2022-12-15,361.1973,371.7191
2022-12-14,361.1973,371.7191
2022-12-13,361.1973,371.7191
2022-12-12,361.1973,371.7191
2022-12-09,361.3026,371.7191
2022-12-08,361.3026,371.7191
2022-12-06,361.3026,371.7191
2022-12-05,361.3026,371.7191
2022-12-02,361.2537,371.7222
2022-12-01,361.2537,371.7275
2022-11-30,361.2484,371.7222
2022-11-29,361.2379,371.7170
2022-11-28,360.2922,371.2929
2022-11-25,360.2922,371.2929
2022-11-24,360.9919,371.8325
2022-11-23,360.9919,371.8325
2022-11-22,360.9919,371.8325
2022-11-21,360.9919,371.8325
2022-11-18,360.9919,371.8325
2022-11-17,360.9919,371.8325
2022-11-16,360.9840,371.7757
2022-11-15,360.9682,371.7599
2022-11-14,360.9682,371.7599
2022-11-11,360.9682,371.7599
2022-11-10,360.9682,371.7599
2022-11-09,360.9682,371.7599
2022-11-08,360.8893,371.6809
2022-11-04,360.8893,371.6809
2022-11-03,360.7631,371.5650
2022-11-02,360.7104,371.5123
2022-11-01,360.6578,371.4597
2022-10-31,360.6537,371.2103
2022-10-28,360.6345,371.2296
2022-10-27,360.6537,371.2103
2022-10-26,360.6537,371.2103
2022-10-25,360.7106,371.2612
2022-10-21,360.7312,371.2425
2022-10-20,360.5935,371.1179
2022-10-19,360.4507,370.9750
2022-10-18,360.4084,370.9316
2022-10-17,360.3548,370.8637
2022-10-14,359.8172,370.7183
2022-10-13,359.6987,370.4261
2022-10-12,359.6618,370.3945
2022-10-11,359.2355,369.9682
2022-10-07,359.1671,369.9156
2022-10-06,359.1618,369.8629
2022-10-05,359.1618,369.9103
2022-10-04,359.1618,369.9103
2022-10-03,359.1618,369.9103
2022-09-30,359.1618,369.9103
2022-09-29,359.1618,369.9103
2022-09-28,359.1876,369.9371
2022-09-27,359.1876,369.9371
2022-09-26,359.1876,369.9371
2022-09-23,359.1876,369.9235
2022-09-22,359.1876,369.9235
2022-09-21,359.1797,369.9424
2022-09-20,359.1381,369.9003
2022-09-19,359.1750,369.9371
2022-09-16,358.9434,369.9135
2022-09-15,358.9306,369.7126
2022-09-14,358.9306,369.7126
2022-09-13,358.7880,369.6183
2022-09-12,358.7807,369.6151
2022-09-09,358.5388,369.5017
2022-09-08,358.4178,369.3806
2022-09-07,358.3300,369.3395
2022-09-06,358.0556,369.0280
2022-09-05,358.0556,369.0280
2022-09-02,357.8334,369.0956
2022-09-01,357.5138,368.8612
2022-08-31,357.5571,368.9007
2022-08-30,357.9322,368.8990
2022-08-29,357.8093,368.7830
2022-08-26,357.8045,369.0166
2022-08-25,357.4017,368.7116
2022-08-24,357.4017,368.7116
2022-08-23,357.4017,368.7116
2022-08-22,357.3779,368.6905
2022-08-19,357.4100,368.7200
2022-08-18,357.3367,368.7038
2022-08-17,357.3151,368.6827
2022-08-16,357.3756,368.6872
2022-08-15,357.2923,368.6066
2022-08-12,357.2491,368.5670
2022-08-10,357.3007,368.6127
2022-08-09,357.2995,368.6127
2022-08-08,357.1491,368.4698
2022-08-05,357.1997,368.5198
2022-08-04,357.2279,368.5416
2022-08-03,357.2223,368.4999
2022-08-02,357.3077,368.5388
2022-08-01,357.2753,368.5064
2022-07-29,357.1697,368.4121
2022-07-28,357.4406,368.4922
2022-07-27,357.4406,368.4922
2022-07-26,357.5189,368.5144
2022-07-25,357.4611,368.5067
2022-07-22,357.9442,368.6321
2022-07-21,358.3145,368.9187
2022-07-20,358.5352,368.9001
2022-07-19,357.8593,368.4926
2022-07-18,357.6061,368.3433
2022-07-15,357.9486,368.5245
2022-07-14,358.1456,368.7594
2022-07-12,356.9558,368.3011
2022-07-11,357.7933,368.3974
2022-07-08,356.8217,367.6651
2022-07-07,356.8065,368.0616
2022-07-06,356.0489,367.3317
2022-07-05,355.9533,367.2998
2022-07-04,356.5951,367.3155
2022-07-01,356.4236,367.2423
2022-06-30,355.7601,367.1246
2022-06-29,355.8173,367.0703
2022-06-28,356.0634,367.2255
2022-06-27,356.2373,367.4039
2022-06-24,356.1255,367.1686
2022-06-23,356.6729,367.3982
2022-06-22,356.4424,367.1121
2022-06-21,357.2826,367.7352
2022-06-20,356.2897,366.8380
2022-06-17,355.5141,366.3277
2022-06-16,355.6785,366.4915
2022-06-15,355.7074,366.5065
2022-06-13,355.7263,366.5254
2022-06-10,355.6074,366.5287
2022-06-09,355.8183,366.7956
2022-06-08,355.6855,366.5762
2022-06-07,356.0968,366.2398
2022-06-06,355.2941,365.2660
2022-06-03,355.3140,365.2861
2022-06-02,355.6119,365.5882
2022-06-01,355.1253,365.0948
2022-05-31,355.7708,365.7493
2022-05-30,355.7708,365.7493
2022-05-27,354.2712,364.2289
2022-05-26,354.7280,364.6920
2022-05-25,354.4003,364.3597
2022-05-24,354.4003,364.3597
2022-05-23,354.4599,364.4202
2022-05-20,354.4897,364.4504
2022-05-19,354.5691,364.5309
2022-05-18,354.6684,364.6316
2022-05-17,354.7678,364.7323
2022-05-13,355.0160,364.9840
2022-05-12,364.2270,377.4967
2022-05-11,361.7270,374.9967
2022-05-09,361.7270,374.9967
2022-05-06,361.7270,374.9967
2022-05-05,356.8395,369.9991
2022-05-04,350.0597,362.9987
2022-04-29,347.0597,359.9987
2022-04-28,342.1673,354.9960
2022-04-27,337.8229,350.4972
2022-04-26,333.8875,346.4956
2022-04-25,330.0000,342.4979
2022-04-22,327.5000,339.9979
2022-04-21,327.5000,339.9979
2022-04-20,327.5000,339.9979
2022-04-19,327.5000,339.9979
2022-04-18,322.7201,334.9975
2022-04-12,319.2050,329.9975
2022-04-11,316.7950,327.4999
2022-04-08,310.8802,321.4971
2022-04-07,309.3802,319.9971
2022-04-06,298.1064,308.4951
2022-04-05,293.2305,303.4964
2022-04-04,289.7255,299.9914
2022-04-01,289.2425,299.4908
2022-03-31,288.7475,298.9958
2022-03-30,288.7475,298.9958
2022-03-29,288.7475,298.9958
2022-03-28,288.7475,298.9958
2022-03-25,284.8205,294.9987
2022-03-24,279.9056,289.9960
2022-03-23,274.9957,284.9983
2022-03-22,272.0686,282.4956
2022-03-21,264.6677,274.9979
2022-03-18,264.6677,274.9979
2022-03-16,264.6677,274.9979
2022-03-15,259.7620,269.9952
2022-03-14,249.9603,259.9999
2022-03-11,249.9603,259.9999
2022-03-10,249.9603,259.9999
2022-03-09,225.2013,229.9987
2022-03-08,225.2013,229.9987
2022-03-07,198.5008,202.9992
2022-03-04,198.5008,202.9992
2022-03-03,198.5008,202.9992
2022-03-02,198.5008,202.9992
2022-02-28,198.5008,202.9992
2022-02-25,198.5008,202.9992
2022-02-24,198.5008,202.9992
2022-02-23,198.5008,202.9992
2022-02-22,198.5008,202.9992
2022-02-21,198.5008,202.9992
2022-02-18,198.5008,202.9992
2022-02-17,198.5008,202.9992
2022-02-15,198.5008,202.9992
2022-02-14,198.5008,202.9992
2022-02-11,198.5008,202.9992
2022-02-10,198.5008,202.9992
2022-02-09,198.5008,202.9992
2022-02-08,198.5008,202.9992
2022-02-07,198.5008,202.9992
2022-02-03,198.5008,202.9992
2022-02-02,198.5008,202.9992
2022-02-01,198.5008,202.9992
2022-01-31,198.5008,202.9992
2022-01-28,198.5008,202.9992
2022-01-27,198.5008,202.9992
2022-01-26,198.5008,202.9992
2022-01-25,198.5008,202.9992
2022-01-24,198.5008,202.9992
2022-01-21,198.5008,202.9992
2022-01-20,198.5008,202.9992
2022-01-19,198.5008,202.9992
2022-01-18,198.5008,202.9992
2022-01-13,198.5008,202.9992
2022-01-12,198.5008,202.9992
2022-01-11,198.5008,202.9992
2022-01-10,198.5008,202.9992
2022-01-07,198.5008,202.9992
2022-01-06,198.5008,202.9992
2022-01-05,198.5008,202.9992
2022-01-04,198.5008,202.9992
2022-01-03,198.5008,202.9992
2021-12-31,198.5008,202.9992
2021-12-30,198.5008,202.9992
2021-12-29,198.5008,202.9992
2021-12-28,198.5008,202.9992
2021-12-27,198.5008,202.9992
2021-12-24,198.5008,202.9992
2021-12-23,198.5008,202.9992
2021-12-22,198.5008,202.9992
2021-12-21,198.5008,202.9992
2021-12-20,198.5008,202.9992
2021-12-17,198.5008,202.9992
2021-12-16,198.5008,202.9992
2021-12-15,198.5008,202.9992
2021-12-14,198.5008,202.9992
2021-12-13,198.5008,202.9992
2021-12-10,198.5008,202.9992
2021-12-09,198.5008,202.9992
2021-12-08,198.5008,202.9992
2021-12-07,198.5008,202.9992
2021-12-06,198.5008,202.9992
2021-12-03,198.5008,202.9992
2021-12-02,198.5008,202.9992
2021-12-01,198.5008,202.9992
2021-11-30,198.5008,202.9992
2021-11-29,198.5008,202.9992
2021-11-26,198.5008,202.9992
2021-11-25,198.5008,202.9992
2021-11-24,198.5008,202.9992
2021-11-23,198.5008,202.9992
2021-11-22,198.5008,202.9992
2021-11-19,198.5008,202.9992
2021-11-17,198.5008,202.9992
2021-11-16,198.5008,202.9992
2021-11-15,198.5008,202.9992
2021-11-12,198.5008,202.9992
2021-11-11,198.5008,202.9992
2021-11-10,198.5008,202.9992
2021-11-09,198.5008,202.9992
2021-11-08,198.5008,202.9992
2021-11-05,198.5008,202.9992
2021-11-03,198.5008,202.9992
2021-11-02,198.5008,202.9992
2021-11-01,198.5008,202.9992
2021-10-29,198.5008,202.9992
2021-10-28,198.5008,202.9992
2021-10-27,198.5008,202.9992
2021-10-26,198.5008,202.9992
2021-10-25,198.5008,202.9992
2021-10-22,198.5008,202.9992
2021-10-21,198.5008,202.9992
2021-10-18,198.5008,202.9992
2021-10-15,198.5008,202.9992
2021-10-14,198.5008,202.9992
2021-10-13,198.5008,202.9992
2021-10-12,198.5008,202.9992
2021-10-11,198.5008,202.9992
2021-10-08,198.5008,202.9992
2021-10-07,198.5008,202.9992
2021-10-06,198.5008,202.9992
2021-10-05,198.5008,202.9992
2021-10-04,198.5008,202.9992
2021-10-01,198.5008,202.9992
2021-09-30,198.5008,202.9992
2021-09-29,198.5008,202.9992
2021-09-28,198.5008,202.9992
2021-09-27,198.5008,202.9992
2021-09-24,198.5008,202.9992
2021-09-23,198.5008,202.9992
2021-09-22,198.5008,202.9992
2021-09-21,198.5008,202.9992
2021-09-17,198.5008,202.9992
2021-09-16,198.5008,202.9992
2021-09-15,198.5008,202.9992
2021-09-14,198.5008,202.9992
2021-09-13,198.5008,202.9992
2021-09-10,198.5008,202.9992
2021-09-09,198.5008,202.9992
2021-09-08,198.5008,202.9992
2021-09-07,198.5008,202.9992
2021-09-06,198.5000,203.0000
2021-09-03,198.5008,202.9992
2021-09-02,198.5008,202.9992
2021-09-01,198.8649,203.8701
2021-08-31,198.9023,204.8977
2021-08-30,197.9023,202.8977
2021-08-27,198.1023,202.8977
2021-08-26,197.9023,202.8977
2021-08-25,197.9023,202.8977
2021-08-24,197.9023,202.8977
2021-08-23,197.9023,202.8977
2021-08-20,198.1983,202.8977
2021-08-19,197.8983,202.8977
2021-08-18,198.3983,202.8977
2021-08-17,198.1983,202.8977
2021-08-16,198.3983,202.8977
2021-08-13,198.5983,202.8977
2021-08-12,197.6023,202.8977
2021-08-11,198.2983,202.8977
2021-08-10,198.1983,202.8977
2021-08-09,197.8023,202.8977
2021-08-06,198.3183,202.8977
2021-08-05,198.3183,202.8977
2021-08-04,198.0983,202.8977
2021-08-03,198.0983,202.8977
2021-08-02,197.2063,202.8977
2021-07-30,198.3983,202.8977
2021-07-29,197.6023,202.8977
2021-07-28,197.9023,202.8977
2021-07-27,197.8023,202.8977
2021-07-26,197.9023,202.8977
2021-07-22,197.9223,202.8977
2021-07-20,197.9023,202.8977
2021-07-19,197.9023,202.8977
2021-07-16,198.1223,202.8977
2021-07-15,198.1183,202.8977
2021-07-14,197.9023,202.8977
2021-07-13,198.3183,202.8977
2021-07-12,198.2183,202.8977
2021-07-09,197.9023,202.8977
2021-07-08,197.9023,202.8977
2021-07-07,198.1183,202.8977
2021-07-06,197.8023,202.8977
2021-07-05,197.5023,202.8977
2021-07-02,198.2183,202.8977
2021-07-01,197.4023,202.8977
2021-06-30,197.3263,202.8977
2021-06-29,197.3063,202.8977
2021-06-28,197.3063,202.8977
2021-06-25,197.5223,202.8977
2021-06-23,197.9223,202.8977
2021-06-22,198.0303,202.8896
2021-06-21,197.9103,202.8896
2021-06-18,198.0303,202.8896
2021-06-17,198.0303,202.8896
2021-06-16,197.9303,202.8896
2021-06-15,197.9303,202.8896
2021-06-14,198.1103,202.8896
2021-06-11,198.1303,202.8896
2021-06-10,197.9103,202.8896
2021-06-09,197.9103,202.8896
2021-06-08,197.9283,202.8877
2021-06-07,197.8103,202.8896
2021-06-04,198.1303,202.8896
2021-06-03,197.8103,202.8896
2021-06-02,197.9103,202.8896
2021-06-01,198.0283,202.8877
2021-05-31,197.9103,202.8896
2021-05-28,197.9103,202.8896
2021-05-25,198.0303,202.8896
2021-05-24,197.9103,202.8896
2021-05-21,198.2989,202.8796
2021-05-20,198.1789,202.8796
2021-05-19,198.2989,202.8796
2021-05-18,198.2691,202.8494
2021-05-17,197.5023,202.8977
2021-05-13,197.3841,202.2820
2021-05-12,197.8180,201.9480
2021-05-11,197.5980,201.9480
2021-05-10,197.5980,201.9480
2021-05-07,197.5503,201.8988
2021-05-06,196.7723,201.8788
2021-05-05,195.0848,199.9410
2021-05-04,195.1800,199.9300
2021-05-03,195.7300,199.8900
2021-04-30,195.9100,199.8700
2021-04-29,196.1100,199.8700
2021-04-28,194.8600,199.5200
2021-04-27,194.3865,199.4185
2021-04-23,192.5105,198.4895
2021-04-22,193.4075,199.3925
2021-04-21,195.1000,200.9000
2021-04-20,190.2905,195.2145
2021-04-19,187.9300,191.9700
2021-04-16,195.7200,201.2800
2021-04-15,199.8080,204.6280
2021-04-12,199.1500,203.7300
2021-04-09,199.0400,203.5900
2021-04-08,199.2100,203.5000
2021-04-07,198.5600,202.8800
2021-04-06,198.0000,202.7000
2021-04-05,197.2500,201.9500
2021-04-01,197.0000,202.1000
2021-03-31,197.6200,202.0400
2021-03-30,196.8300,201.9300
2021-03-29,197.2800,201.7700
2021-03-26,196.7200,201.6000
2021-03-25,196.4100,201.0100
2021-03-24,196.9248,201.1935
2021-03-23,196.3948,200.8635
2021-03-22,195.3773,200.0401
2021-03-19,195.2800,200.1900
2021-03-18,195.3045,201.5005
2021-03-17,197.5800,201.7500
2021-03-16,195.2800,200.0600
2021-03-15,194.4280,198.9640
2021-03-12,194.4440,198.8740
2021-03-10,194.3740,198.6620
2021-03-09,194.3540,198.6820
2021-03-08,194.0460,198.5760
2021-03-05,194.0100,198.3400
2021-03-04,193.9400,198.2700
2021-03-03,193.9900,198.3200
2021-03-02,192.4900,197.3200
2021-03-01,192.0100,197.0500
2021-02-25,192.8800,196.6200
2021-02-24,192.0000,196.4000
2021-02-23,191.1900,195.9300
2021-02-22,193.1300,197.5300
2021-02-19,193.5800,198.5800
2021-02-18,193.3913,198.3847
2021-02-17,193.6565,198.9485
2021-02-16,193.2575,197.9775
2021-02-15,192.7900,197.0300
2021-02-12,191.2395,196.3655
2021-02-11,193.5370,198.6680
2021-02-10,192.2300,197.4500
2021-02-09,192.5700,196.8100
2021-02-08,191.9670,196.5069
2021-02-05,191.5900,196.0300
2021-02-03,192.3200,197.6200
2021-02-02,190.4000,195.5000
2021-02-01,188.6300,193.1700
2021-01-29,189.6615,194.4435
2021-01-27,193.1921,198.2435
2021-01-26,192.4000,198.8000
2021-01-25,194.1900,199.6500
2021-01-22,194.3125,199.1875
2021-01-21,193.1600,197.6800
2021-01-20,192.8513,198.2647
2021-01-19,190.8900,196.0500
2021-01-18,191.6475,196.0262
2021-01-15,190.7700,196.0500
2021-01-13,190.3300,194.0700
2021-01-12,188.4900,193.6500
2021-01-11,188.0500,192.4700
2021-01-08,186.2800,190.9800
2021-01-07,187.1000,191.7700
2021-01-06,187.5400,191.9600
2021-01-05,187.6000,191.9000
2021-01-04,184.8200,189.8800
2021-01-01,184.9800,189.8000
2020-12-31,184.1200,189.1800
2020-12-30,185.2000,190.0200
2020-12-28,186.7000,192.1000
2020-12-24,189.0800,194.6600
2020-12-23,188.0100,193.0500
2020-12-22,186.8000,191.2000
2020-12-21,185.9500,190.3700
2020-12-18,185.4100,190.1300
2020-12-17,186.1300,190.5300
2020-12-16,185.2300,189.8300
2020-12-15,185.1000,189.5200
2020-12-14,184.5700,188.9700
2020-12-11,183.7200,188.1400
2020-12-10,183.6400,188.0600
2020-12-09,184.1400,188.5400
2020-12-08,184.1000,188.5200
2020-12-07,183.7700,188.1900
2020-12-04,183.9000,188.3000
2020-12-03,184.2600,188.6600
2020-12-02,183.7900,187.9900
2020-12-01,183.6600,187.8800
2020-11-30,183.3300,187.5500
2020-11-27,183.0200,187.2400
2020-11-26,183.5800,187.7800
2020-11-25,183.5400,187.7600
2020-11-24,183.1700,187.3900
2020-11-23,183.3300,187.5300
2020-11-20,182.9100,187.1100
2020-11-19,182.5100,186.8300
2020-11-18,183.0000,187.3200
2020-11-17,183.0100,187.3100
2020-11-16,182.5000,186.8000
2020-11-13,182.4000,186.7000
2020-11-12,182.4000,186.7000
2020-11-11,182.3500,186.6500
2020-11-10,182.3400,186.6600
2020-11-09,182.3200,186.6400
2020-11-06,182.3300,186.6300
2020-11-05,182.2500,186.5700
2020-11-04,182.2500,186.5500
2020-11-03,182.2900,186.6100
2020-11-02,182.1200,186.4400
2020-10-29,182.1300,186.4500
2020-10-28,182.1400,186.4600
2020-10-27,182.1600,186.4600
2020-10-26,182.1000,186.4000
2020-10-23,182.1900,186.4900
2020-10-22,182.1400,186.4400
2020-10-21,182.3400,186.6600
2020-10-20,182.1600,186.4800
2020-10-19,182.1000,186.4200
2020-10-16,182.3800,186.7000
2020-10-15,182.5800,186.8800
2020-10-14,182.1400,186.4600
2020-10-13,182.0300,186.3500
2020-10-12,182.0300,186.3500
2020-10-09,182.0200,186.3400
2020-10-08,182.1700,186.4900
2020-10-07,182.4300,186.7500
2020-10-06,182.5100,186.8100
2020-10-05,182.4300,186.7500
2020-10-02,182.8900,187.2100
2020-09-30,183.0000,187.3200
2020-09-29,183.1800,187.5000
2020-09-28,183.0800,187.4000
2020-09-25,182.9400,187.3000
2020-09-24,182.8300,187.1300
2020-09-23,182.9700,187.3300
2020-09-22,183.1800,187.5400
2020-09-21,183.2200,187.5800
2020-09-18,182.8200,187.1800
2020-09-17,182.7200,187.1200
2020-09-16,182.2100,186.6100
2020-09-15,182.1400,186.5400
2020-09-14,182.2100,186.6100
2020-09-11,182.4200,186.8200
2020-09-10,182.1600,186.5600
2020-09-09,182.1000,186.5000
2020-09-08,182.4400,186.8400
2020-09-07,183.0000,187.3000
2020-09-04,183.0400,187.4400
2020-09-03,183.0700,187.4700
2020-09-02,183.8300,188.1300
2020-08-31,184.0900,188.4900
2020-08-28,183.7800,188.1800
2020-08-27,184.0800,188.4800
2020-08-26,184.2300,188.5300
2020-08-25,182.6500,187.2500
2020-08-24,182.3200,186.7200
2020-08-21,182.3900,186.7900
2020-08-20,183.6800,188.4800
2020-08-19,182.1400,186.4400
2020-08-18,181.4900,185.7900
2020-08-17,181.0500,185.4500
2020-08-14,180.7700,185.0700
2020-08-13,180.8400,185.0400
2020-08-12,181.8400,186.1400
2020-08-11,182.3600,186.8600
2020-08-10,182.9800,187.4800
2020-08-07,183.1300,187.6300
2020-08-06,183.2300,187.7300
2020-08-05,183.2600,187.7600
2020-08-04,183.3800,187.8500
2020-07-31,183.3600,187.8600
2020-07-30,183.4500,187.9500
2020-07-29,183.5000,188.0000
2020-07-28,183.5100,188.0100
2020-07-27,183.5200,188.0200
2020-07-24,183.5200,188.0200
2020-07-23,183.5400,188.0400
2020-07-22,183.5400,188.0400
2020-07-21,183.5300,188.0300
2020-07-20,183.4800,188.0800
2020-07-17,183.4900,188.0900
2020-07-16,183.5400,188.1400
2020-07-15,183.5300,188.1300
2020-07-14,183.5200,188.1200
2020-07-13,183.5000,188.1000
2020-07-10,183.5000,188.1000
2020-07-09,183.4800,188.0800
2020-07-08,183.5500,188.1500
2020-07-07,183.5300,188.1300
2020-07-06,183.5800,188.1800
2020-07-03,183.6800,188.3800
2020-07-02,183.7100,188.4100
2020-07-01,183.7900,188.4900
2020-06-30,183.8100,188.5100
2020-06-29,183.7800,188.4800
2020-06-26,183.7600,188.4600
2020-06-25,184.1300,188.8300
2020-06-24,184.1000,188.8000
2020-06-23,184.1200,188.8200
2020-06-22,184.2000,188.8000
2020-06-19,184.0800,188.7800
2020-06-18,184.0200,188.7200
2020-06-17,183.6100,188.4100
2020-06-16,183.3200,188.2200
2020-06-15,182.7400,187.7400
2020-06-12,182.6400,187.6400
2020-06-11,182.5500,187.5500
2020-06-10,182.5000,187.5000
2020-06-09,182.6000,187.6000
2020-06-08,182.8600,187.8600
2020-06-04,183.2700,188.0700
2020-06-03,183.3700,188.2700
2020-06-02,183.4200,188.4200
2020-06-01,183.5100,188.6100
2020-05-29,183.5200,188.6200
2020-05-28,183.5100,188.6100
2020-05-27,183.3000,188.4000
2020-05-26,183.1600,188.0600
2020-05-22,183.8100,188.8100
2020-05-21,184.1500,189.2500
2020-05-20,184.5000,189.6000
2020-05-19,184.6300,189.7300
2020-05-18,184.7400,189.9400
2020-05-15,184.8900,189.9900
2020-05-14,185.1400,190.3400
2020-05-13,184.5400,190.3400
2020-05-12,184.6300,190.1200
2020-05-11,184.3600,190.1600
2020-05-06,186.5400,191.5000
2020-05-05,185.8100,191.7100
2020-05-04,188.3788,194.1158
2020-04-30,190.4200,195.8200
2020-04-29,189.8100,195.8900
2020-04-28,190.4500,196.0500
2020-04-27,189.6900,196.0700
2020-04-24,190.6982,197.6483
2020-04-23,191.7000,198.2000
2020-04-22,190.7800,197.8500
2020-04-21,190.1895,197.2168
2020-04-20,189.6324,196.6534
2020-04-17,188.4656,195.4796
2020-04-16,189.3356,195.5796
2020-04-15,188.5124,195.7834
2020-04-09,194.2034,200.4740
2020-04-08,193.9572,200.4652
2020-04-06,193.3598,199.4042
2020-04-03,188.5584,193.7530
2020-04-02,187.7084,192.8030
2020-04-01,187.5584,192.6530
2020-03-31,187.3584,192.4530
2020-03-30,187.4091,192.5025
2020-03-27,187.1030,191.9902
2020-03-24,185.9354,190.6188
2020-03-20,185.3850,189.8775
2020-03-19,184.1170,188.2057
2020-03-18,183.1490,187.2339
2020-03-17,182.5795,186.6635
2020-03-13,181.2135,185.0899
2020-03-12,180.6847,184.3588
2020-03-11,180.6547,184.3288
2020-03-10,180.0960,183.7676
2020-03-06,180.0161,183.6875
2020-03-05,180.1759,183.8477
2020-03-04,180.2057,183.8779
2020-03-03,180.1558,183.8278
2020-03-02,180.0062,183.6774
2020-02-28,179.9662,183.6374
2020-02-27,179.8266,183.4971
2020-02-26,179.8165,183.4872
2020-02-25,179.8264,183.4972
2020-02-24,179.7367,183.4070
2020-02-20,180.0159,183.6877
2020-02-19,179.7266,183.3971
2020-02-18,179.6568,183.3269
2020-02-17,179.5969,183.2668
2020-02-14,179.5671,183.2366
2020-02-13,179.5771,183.2466
2020-02-12,179.5570,183.2267
2020-02-11,179.5371,183.2066
2020-02-10,179.5570,183.2267
2020-02-07,179.5272,183.1965
2020-02-06,179.5471,183.2166
2020-02-05,179.5970,183.2667
2020-02-03,179.5770,183.2467
2020-01-31,179.6369,183.3068
2020-01-30,179.6370,183.3067
2020-01-29,179.6668,183.3369
2020-01-28,179.6767,183.3470
2020-01-27,179.6468,183.3169
2020-01-24,179.6068,183.2769
2020-01-23,179.5570,183.2267
2020-01-22,179.5071,183.1766
2020-01-21,179.3948,183.0639
2020-01-20,179.3749,183.0438
2020-01-17,179.3749,183.0438
2020-01-16,179.5942,183.2642
2020-01-14,179.5642,183.2342
2020-01-13,179.4148,183.0839
2020-01-09,179.6836,183.3546
2020-01-08,179.3748,183.0439
2020-01-07,179.3846,183.0540
2020-01-06,179.3748,183.0439
2020-01-03,179.3145,183.0840
2020-01-02,179.2450,182.9138
2020-01-01,179.4845,183.1540
2019-12-31,179.6638,183.3345
2019-12-30,179.5443,183.2142
2019-12-27,179.3945,183.0640
2019-12-26,179.3445,183.0140
2019-12-24,179.3248,182.9939
2019-12-23,179.1452,182.8136
2019-12-20,179.3745,183.1440
2019-12-19,179.1750,182.8438
2019-12-18,179.1452,182.8136
2019-12-17,179.1749,182.8438
2019-12-16,179.1451,182.8137
2019-12-13,178.8958,182.5633
2019-12-12,179.1852,182.8536
2019-12-10,179.3349,183.0038
2019-12-09,179.3150,182.9838
2019-12-06,179.5242,183.1942
2019-12-05,179.3546,183.0240
2019-12-04,179.5443,183.2142
2019-12-03,179.2250,182.8938
2019-12-02,178.9357,182.6033
2019-11-29,178.7462,182.4131
2019-11-28,178.9256,182.5934
2019-11-27,179.5937,183.2645
2019-11-26,178.8857,182.5533
2019-11-25,178.0975,181.7623
2019-11-22,177.7086,181.3717
2019-11-21,177.3996,181.0611
2019-11-20,177.4094,181.0712
2019-11-19,177.6290,181.2914
2019-11-18,178.0072,181.6725
2019-11-15,178.4469,182.1126
2019-11-14,178.4372,182.1025
2019-11-13,178.6266,182.2928
2019-11-08,178.8258,182.4933
2019-11-07,178.8061,182.4731
2019-11-06,178.4070,182.0726
2019-11-05,178.5066,182.1728
2019-11-04,179.1951,182.8637
2019-11-01,179.3149,182.9838
2019-10-31,179.6051,183.3179
2019-10-30,179.5942,183.2642
2019-10-29,179.5143,183.1842
2019-10-28,179.4245,183.0940
2019-10-25,179.3149,182.9838
2019-10-24,179.4246,183.0940
2019-10-23,179.6339,183.3044
2019-10-22,179.7837,183.4545
2019-10-21,179.9731,183.6449
2019-10-18,179.9830,183.6549
2019-10-17,179.8933,183.5647
2019-10-16,179.8932,183.5648
2019-10-15,179.0654,182.7335
2019-10-14,178.6863,182.3530
2019-10-11,178.6062,182.2731
2019-10-10,178.5566,182.2228
2019-10-09,178.4768,182.1427
2019-10-08,178.9057,182.5733
2019-10-07,179.4045,183.0740
2019-10-04,179.5440,183.2143
2019-10-03,179.8833,183.5547
2019-10-02,180.3622,184.0354
2019-10-01,180.0828,183.7550
2019-09-30,179.8933,183.5647
2019-09-27,179.8733,183.5447
2019-09-26,179.6239,183.2944
2019-09-25,179.2450,182.9138
2019-09-24,179.4742,183.1442
2019-09-23,179.1250,182.7938
2019-09-20,178.9654,182.6335
2019-09-19,178.7860,182.4532
2019-09-18,178.6163,182.2830
2019-09-17,178.5167,182.1828
2019-09-16,178.4069,182.0726
2019-09-12,178.4069,182.0726
2019-09-11,178.4369,182.1026
2019-09-10,178.5166,182.1828
2019-09-09,178.8357,182.5033
2019-09-06,178.7160,182.3832
2019-09-05,178.5063,182.1730
2019-09-04,178.3168,181.9827
2019-09-03,177.8982,181.5619
2019-09-02,177.3497,181.0110
2019-08-30,178.4366,182.1028
2019-08-29,178.4868,182.1527
2019-08-28,177.7982,181.4619
2019-08-27,177.6784,181.3418
2019-08-26,177.8078,181.4721
2019-08-23,177.5785,181.2417
2019-08-22,176.8104,180.4706
2019-08-21,175.9657,179.6867
2019-08-20,175.4839,179.1386
2019-08-19,175.1946,178.8482
2019-08-16,175.1447,178.7981
2019-08-15,174.9952,178.6478
2019-08-13,174.9454,178.5977
2019-08-09,175.0151,178.6679
2019-08-08,175.5340,179.1885
2019-08-07,175.5736,179.2287
2019-08-06,174.9852,178.6378
2019-08-05,174.6559,178.3074
2019-08-02,174.5862,178.2372
2019-08-01,174.4068,178.0569
2019-07-31,174.3269,177.9768
2019-07-30,174.2570,177.9068
2019-07-29,174.2470,177.8968
2019-07-26,174.2470,177.8968
2019-07-25,174.2469,177.8968
2019-07-24,174.0574,177.7065
2019-07-23,173.9476,177.5964
2019-07-22,173.8180,177.4662
2019-07-19,173.7581,177.4061
2019-07-18,173.7283,177.3760
2019-07-17,173.7382,177.3861
2019-07-15,173.5887,177.2358
2019-07-12,173.5688,177.2157
2019-07-11,173.6684,177.3159
2019-07-10,173.8081,177.4561
2019-07-09,174.1371,177.7867
2019-07-08,174.1371,177.8867
2019-07-05,174.1171,177.8667
2019-07-04,174.1072,177.8566
2019-07-03,174.3166,178.0670
2019-07-02,174.3168,178.0669
2019-07-01,174.5159,178.2674
2019-06-28,174.6059,178.3574
2019-06-27,174.5160,178.2673
2019-06-26,174.4664,178.2171
2019-06-25,174.5363,178.2872
2019-06-24,174.7557,178.5075
2019-06-21,174.7657,178.5175
2019-06-20,174.7458,178.4975
2019-06-19,174.7954,178.5477
2019-06-18,174.6854,178.6377
2019-06-17,174.6856,178.6376
2019-06-14,174.5059,178.4574
2019-06-13,174.4062,178.3572
2019-06-12,174.3763,178.3272
2019-06-11,174.3464,178.2971
2019-06-10,174.3663,178.3172
2019-06-07,174.3264,178.2771
2019-06-06,174.4062,178.3572
2019-06-04,174.3960,178.3473
2019-06-03,174.3863,178.3372
2019-05-31,174.3163,178.2672
2019-05-30,174.1866,178.1370
2019-05-29,174.1666,178.1170
2019-05-28,174.1769,178.1268
2019-05-27,174.2664,178.2171
2019-05-24,174.2863,178.2372
2019-05-23,174.6257,178.5775
2019-05-22,174.1366,178.0870
2019-05-21,173.8575,177.8065
2019-05-17,173.8774,177.8265
2019-05-16,174.1768,178.1269
2019-05-15,174.6354,178.5877
2019-05-14,174.4260,178.3773
2019-05-13,174.1864,178.1371
2019-05-10,173.6976,177.6464
2019-05-09,172.8993,176.8454
2019-05-08,174.8752,178.8278
2019-05-07,175.3436,179.2987
2019-05-06,175.0740,179.0285
2019-05-03,174.7742,178.7284
2019-05-02,174.1164,178.0671
2019-04-30,173.7878,177.7363
2019-04-29,173.5082,177.4561
2019-04-26,173.1388,177.0857
2019-04-25,172.9190,176.8656
2019-04-24,172.6205,176.5647
2019-04-23,172.5507,176.4946
2019-04-22,172.3812,176.3243
2019-04-18,172.4810,176.3244
2019-04-17,172.6206,176.4647
2019-04-16,172.6107,176.4546
2019-04-12,172.6606,176.5047
2019-04-11,172.6507,176.4946
2019-04-10,172.7204,176.5648
2019-04-09,172.6206,176.4647
2019-04-08,172.8200,176.6650
2019-04-05,172.6604,176.5048
2019-04-04,172.6505,176.4947
2019-04-03,172.5310,176.3744
2019-04-02,172.8204,176.6648
2019-04-01,173.3888,177.2357
2019-03-29,174.1668,178.0169
2019-03-28,174.2766,178.1270
2019-03-27,175.5538,179.4086
2019-03-26,176.0922,179.9496
2019-03-25,176.0123,179.8695
2019-03-22,175.9324,179.7894
2019-03-21,176.3517,180.2098
2019-03-19,176.2920,180.1497
2019-03-18,176.4214,180.2800
2019-03-15,176.7406,180.6005
2019-03-14,176.7306,180.5905
2019-03-13,176.7206,180.5805
2019-03-12,176.4611,180.3202
2019-03-11,176.3014,180.1600
2019-03-08,176.3315,180.1900
2019-03-07,176.3414,180.2000
2019-03-06,176.9900,180.8508
2019-03-05,177.6585,181.5217
2019-03-01,177.8675,181.7323
2019-02-28,177.7980,181.6620
2019-02-27,177.7081,181.5719
2019-02-26,177.5385,181.4017
2019-02-25,177.4190,181.2814
2019-02-22,177.4488,181.3115
2019-02-21,177.5086,181.3717
2019-02-20,177.6380,181.5020
2019-02-18,176.5609,180.4203
2019-02-15,176.4211,180.2802
2019-02-14,176.3514,180.2100
2019-02-13,176.1917,180.0498
2019-02-12,175.7830,179.6391
2019-02-11,175.7730,179.6291
2019-02-08,175.6634,179.5189
2019-02-07,175.7528,179.6092
2019-02-06,176.1218,179.9798
2019-02-05,174.9847,178.8381
2019-02-01,176.3416,180.1999
2019-01-31,177.4187,181.2816
2019-01-30,178.8357,182.7033
2019-01-29,179.5439,183.4144
2019-01-28,179.5839,183.4544
2019-01-25,179.7034,183.5747
2019-01-24,180.0825,183.9552
2019-01-23,180.0124,183.8853
2019-01-22,179.6836,183.5546
2019-01-21,179.5540,183.4243
2019-01-18,179.7933,183.6647
2019-01-17,180.2220,184.0955
2019-01-16,180.0624,184.0353
2019-01-14,179.8130,183.7649
2019-01-11,179.8730,183.8449
2019-01-10,180.1820,184.1555
2019-01-09,180.3715,184.3458
2019-01-08,180.1222,184.0954
2019-01-07,180.5213,184.4959
2019-01-04,180.6906,184.6663
2019-01-03,180.6708,184.6462
2019-01-02,180.5708,184.5462
2019-01-01,180.6606,184.6363
2018-12-31,180.7202,184.6966
2018-12-28,180.1015,184.0758
2018-12-27,179.5832,183.5548
2018-12-26,179.2039,183.1744
2018-12-24,178.9846,182.9540
2018-12-21,178.7451,182.7137
2018-12-20,178.2563,182.2230
2018-12-19,177.9074,181.8724
2018-12-18,177.7378,181.7021
2018-12-17,177.6678,181.6321
2018-12-14,177.3984,181.3618
2018-12-13,177.3388,181.3015
2018-12-12,177.0992,181.0613
2018-12-11,176.8800,180.8408
2018-12-10,176.6206,180.5805
2018-12-07,177.0594,181.0212
2018-12-06,177.0594,181.0212
2018-12-05,176.8797,180.8410
2018-12-04,176.6106,180.5705
2018-12-03,176.9399,180.9009
2018-11-30,177.4980,181.4620
2018-11-29,177.4281,181.3919
2018-11-28,178.3257,182.2733
2018-11-27,177.9970,181.9426
2018-11-26,177.5980,181.5420
2018-11-23,176.7204,180.6606
2018-11-21,175.1136,179.0487
2018-11-19,174.3357,178.2675
2018-11-16,174.2059,178.1374
2018-11-15,174.1760,178.1073
2018-11-14,173.7271,177.6267
2018-11-13,173.4082,177.3061
2018-11-12,172.9693,176.8654
2018-11-09,172.8194,176.7154
2018-11-08,172.4601,176.3549
2018-11-07,172.1910,176.0844
2018-11-05,172.1612,176.0543
2018-11-02,171.9317,175.8240
2018-11-01,173.4281,177.3261
2018-10-31,172.3605,176.2547
2018-10-30,171.6722,175.5637
2018-10-29,170.8643,174.7525
2018-10-26,170.5550,174.4421
2018-10-25,170.4353,174.3219
2018-10-23,170.2356,174.1217
2018-10-22,169.4972,173.3808
2018-10-19,169.1084,172.9901
2018-10-18,168.8494,172.7295
2018-10-17,168.7594,172.6395
2018-10-16,168.4003,172.2790
2018-10-15,167.7325,171.6077
2018-10-12,169.0484,172.9301
2018-10-11,169.0186,172.9000
2018-10-10,168.9389,172.8198
2018-10-09,168.4701,172.3491
2018-10-08,168.1208,171.9987
2018-10-05,167.8014,171.6784
2018-10-04,167.5521,171.4279
2018-10-03,167.0732,170.9473
2018-10-02,166.8839,170.7569
2018-10-01,167.0334,170.9072
2018-09-28,166.9834,170.8572
2018-09-27,166.8042,170.6767
2018-09-26,166.7844,170.6566
2018-09-25,166.5244,170.3966
2018-09-21,166.7839,170.6569
2018-09-20,165.0887,168.6341
2018-09-19,163.8714,167.4125
2018-09-18,163.1038,166.6411
2018-09-17,161.8174,165.1490
2018-09-14,160.9490,164.3781
2018-09-13,160.5398,163.9676
2018-09-12,160.3604,163.7873
2018-09-11,160.4100,163.8475
2018-09-10,160.0408,163.4770
2018-09-07,159.8836,163.2576
2018-09-06,160.3729,163.5780
2018-09-05,160.1636,163.3676
2018-09-04,159.7943,162.9973
2018-09-03,159.5847,162.7870
2018-08-31,159.5446,162.7471
2018-08-30,159.4849,162.6869
2018-08-29,159.2951,162.4968
2018-08-28,159.2055,162.4066
2018-08-27,159.1059,162.3064
2018-08-24,158.9162,162.1162
2018-08-23,158.7666,161.9660
2018-08-21,158.7366,161.9360
2018-08-20,158.6168,161.8159
2018-08-17,158.5869,161.7858
2018-08-16,158.3475,161.5455
2018-08-15,158.2876,161.4854
2018-08-14,158.2179,161.4153
2018-08-13,158.1878,161.3853
2018-08-10,158.1479,161.3453
2018-08-09,158.1280,161.3252
2018-08-08,157.9783,161.1750
2018-08-07,157.9884,161.1850
2018-08-06,158.0082,161.2051
2018-08-03,157.9286,161.1249
2018-08-02,157.8288,161.0248
2018-08-01,157.9086,161.1049
2018-07-31,157.9184,161.1150
2018-07-30,157.7888,160.9848
2018-07-26,157.7789,160.9747
2018-07-25,157.7390,160.9347
2018-07-24,157.7589,160.9547
2018-07-23,158.1079,161.3053
2018-07-20,158.1079,161.3053
2018-07-19,158.0780,161.2752
2018-07-18,158.0581,161.2551
2018-07-17,158.0682,161.2578
2018-07-16,157.7089,160.8973
2018-07-13,157.5591,160.7471
2018-07-12,157.4994,160.5976
2018-07-11,157.4794,160.5776
2018-07-10,157.4594,160.5576
2018-07-09,157.3697,160.4675
2018-07-06,157.1502,160.2472
2018-07-05,156.8613,159.9565
2018-07-04,156.7213,159.8165
2018-07-03,156.6715,159.7664
2018-07-02,156.6515,159.7464
2018-06-29,156.6716,159.7664
2018-06-28,156.7614,159.8565
2018-06-26,157.1705,160.2670
2018-06-25,157.3001,160.3972
2018-06-22,157.8289,160.9279
2018-06-21,158.1181,161.3183
2018-06-20,158.0681,161.2683
2018-06-19,157.9784,161.1782
2018-06-18,157.8084,161.0082
2018-06-14,157.8284,160.9282
2018-06-13,157.7089,160.8079
2018-06-12,157.6291,160.7278
2018-06-11,157.1502,160.2472
2018-06-08,157.0804,160.1770
2018-06-07,156.9108,160.0069
2018-06-06,156.7911,159.8867
2018-06-05,156.7213,159.8165
2018-06-04,156.7511,159.8467
2018-06-01,156.5817,159.6163
2018-05-31,156.3820,159.4762
2018-05-30,156.2426,159.3358
2018-05-28,156.2823,159.3760
2018-05-25,156.2424,159.3359
2018-05-24,156.2324,159.3259
2018-05-23,156.2324,159.3259
2018-05-22,156.1427,159.2457
2018-05-21,156.2227,159.3157
2018-05-18,156.2424,159.3359
2018-05-17,156.4624,159.5559
2018-05-16,156.2024,159.2959
2018-05-15,156.1424,159.2359
2018-05-14,156.0824,159.1759
2018-05-11,156.0823,159.2961
2018-05-10,156.0424,159.2560
2018-05-09,155.9730,158.9855
2018-05-08,155.9833,158.9952
2018-05-04,155.9826,158.9878
2018-05-03,155.5227,159.0357
2018-05-02,155.6027,159.0077
2018-05-01,155.5028,159.0056
2018-04-27,155.4047,159.0139
2018-04-26,155.5247,159.0339
2018-04-25,155.2641,159.0445
2018-04-24,154.9148,158.6938
2018-04-23,154.3957,158.1730
2018-04-20,154.2861,158.0626
2018-04-19,154.3461,158.1226
2018-04-18,154.3657,158.1430
2018-04-17,154.0266,157.8022
2018-04-16,153.7572,157.5316
2018-04-12,153.6874,157.4615
2018-04-11,153.6276,157.4013
2018-04-10,153.5877,157.3612
2018-04-09,153.4779,157.2510
2018-04-06,153.6176,157.3913
2018-04-05,153.8769,157.6519
2018-04-04,153.8272,157.6016
2018-04-03,153.2786,157.0504
2018-04-02,153.7474,157.5215
2018-03-29,153.7175,157.4914
2018-03-28,154.0167,157.7921
2018-03-27,154.0665,157.8423
2018-03-26,154.1165,157.8923
2018-03-23,154.1065,157.8823
2018-03-22,154.0766,157.8522
2018-03-21,154.0766,157.8522
2018-03-20,154.0765,157.8523
2018-03-19,153.9266,157.7022
2018-03-16,153.9066,157.6822
2018-03-15,153.7670,157.5418
2018-03-14,153.6375,157.4214
2018-03-13,153.5877,157.3712
2018-03-12,153.4479,157.2310
2018-03-09,153.3581,157.1408
2018-03-08,153.3481,157.1308
2018-03-07,153.1288,156.9102
2018-03-06,153.0790,156.8600
2018-03-05,153.1787,156.9603
2018-03-02,153.1186,156.9004
2018-02-28,152.9392,156.7198
2018-02-27,152.9590,156.7400
2018-02-26,153.2186,157.0004
2018-02-23,153.2376,157.0201
2018-02-22,153.2277,157.0100
2018-02-21,153.4065,157.1910
2018-02-20,153.3569,157.1407
2018-02-19,153.1877,156.9700
2018-02-16,152.8893,156.6687
2018-02-15,153.4164,157.2011
2018-02-14,152.9690,156.7389
2018-02-12,152.3719,156.1364
2018-02-09,152.4213,156.1869
2018-02-08,152.8000,155.5500
2018-02-07,152.5907,156.3575
2018-02-06,152.3618,156.1265
2018-02-02,152.2329,155.9356
2018-02-01,151.9937,155.7650
2018-01-30,151.8148,155.5842
2018-01-29,151.7951,155.5639
2018-01-26,151.7951,155.5639
2018-01-25,151.7554,155.5237
2018-01-24,152.1233,155.8954
2018-01-23,152.0236,155.7951
2018-01-22,151.9242,155.6946
2018-01-19,151.9143,155.6846
2018-01-18,151.8548,155.6242
2018-01-17,151.9440,155.7148
2018-01-16,151.9242,155.6946
2018-01-12,151.8246,155.5943
2018-01-11,151.7551,155.5239
2018-01-10,151.7950,155.5640
2018-01-09,151.8246,155.5943
2018-01-08,151.6556,155.3735
2018-01-05,151.5756,155.3435
2018-01-04,151.6254,155.4139
2018-01-03,151.5458,155.3538
2018-01-02,151.4268,155.2330
2017-12-30,150.9156,155.4471
2017-12-29,151.3076,155.1528
2017-12-28,150.5410,154.3192
2017-12-27,150.7302,154.5100
2017-12-26,150.8894,154.6706
2017-12-22,150.9391,154.7209
2017-12-21,151.0088,154.7911
2017-12-20,151.1479,154.9318
2017-12-19,151.1479,154.9318
2017-12-18,151.1481,154.9317
2017-12-15,151.1777,154.9620
2017-12-14,151.2277,155.0120
2017-12-13,151.0487,154.8514
2017-12-12,151.0287,154.8514
2017-12-11,151.0586,154.8615
2017-12-08,151.2674,155.0725
2017-12-07,151.2774,155.0825
2017-12-06,151.3274,155.1325
2017-12-05,151.5163,155.3234
2017-12-04,151.5465,155.3532
2017-11-30,151.6754,155.4841
2017-11-29,151.6754,155.4841
2017-11-28,151.6258,155.4338
2017-11-27,151.6756,155.4839
2017-11-24,151.6359,155.4437
2017-11-23,151.6953,155.5042
2017-11-22,151.7153,155.5242
2017-11-21,151.6854,155.4941
2017-11-20,151.6455,155.4540
2017-11-17,151.6155,155.4240
2017-11-16,151.7153,155.5242
2017-11-15,151.5659,155.3737
2017-11-14,151.5261,155.3335
2017-11-13,151.5459,155.3537
2017-11-10,151.5558,155.3638
2017-11-09,151.3372,155.1426
2017-11-08,151.4166,155.2029
2017-11-07,151.5364,155.3433
2017-11-06,151.6162,155.4235
2017-11-02,151.6458,155.4538
2017-11-01,151.5764,155.3833
2017-10-31,151.5961,155.4035
2017-10-30,151.5465,155.3532
2017-10-27,151.6163,155.4234
2017-10-26,151.7854,155.5941
2017-10-25,151.7953,155.6042
2017-10-24,151.7357,155.5439
2017-10-23,151.6362,155.4435
2017-10-20,151.6362,155.4435
2017-10-19,151.6164,155.4233
2017-10-17,151.6163,155.4234
2017-10-16,151.6662,155.4735
2017-10-13,151.7057,155.5138
2017-10-12,151.4969,155.3029
2017-10-11,151.4272,155.2326
2017-10-10,151.3279,155.1321
2017-10-09,151.2782,155.0818
2017-10-06,151.2881,155.0919
2017-10-04,151.2483,155.0517
2017-10-03,151.1287,154.9314
2017-10-02,151.0890,154.8912
2017-09-29,151.1087,154.9114
2017-09-28,151.0690,154.8712
2017-09-27,151.0191,154.8211
2017-09-26,151.0093,154.8109
2017-09-25,150.8502,154.6502
2017-09-22,150.7806,154.5799
2017-09-21,150.8009,154.5995
2017-09-20,151.1486,154.9515
2017-09-19,151.0691,154.8711
2017-09-18,150.9100,154.7104
2017-09-15,150.9395,154.7408
2017-09-14,150.9696,154.7707
2017-09-13,150.8501,154.6503
2017-09-12,150.8103,154.6101
2017-09-11,150.7804,154.5800
2017-09-08,150.7206,154.5199
2017-09-07,150.6511,154.4494
2017-09-06,150.5019,154.2987
2017-09-04,150.7011,154.5196
2017-08-31,150.8403,154.6401
2017-08-30,150.8600,154.6603
2017-08-29,150.9696,154.7707
2017-08-28,151.0093,154.8109
2017-08-25,150.9995,154.8008
2017-08-24,150.9795,154.7808
2017-08-23,151.0691,154.8711
2017-08-22,151.1687,154.9513
2017-08-21,151.2580,155.0620
2017-08-18,151.1884,154.9917
2017-08-17,151.1585,154.9616
2017-08-16,151.1287,154.9315
2017-08-15,151.0294,154.8309
2017-08-14,151.0294,154.8309
2017-08-11,151.1188,154.9214
2017-08-10,151.2384,155.0417
2017-08-09,151.2483,155.0518
2017-08-08,151.3775,155.1824
2017-08-04,151.3380,155.1420
2017-08-03,151.4673,155.2726
2017-08-02,151.4772,155.2827
2017-08-01,151.5468,155.3530
2017-07-31,151.6661,155.4736
2017-07-28,151.6559,155.4637
2017-07-27,151.5667,155.3731
2017-07-26,151.5568,155.3630
2017-07-25,151.5467,155.3531
2017-07-24,151.6559,155.4637
2017-07-21,151.6559,155.4637
2017-07-20,151.6759,155.4837
2017-07-19,151.7058,155.5138
2017-07-18,151.6559,155.4637
2017-07-17,151.6559,155.4637
2017-07-14,151.6362,155.4435
2017-07-13,151.6362,155.4435
2017-07-12,151.6263,155.4334
2017-07-11,151.6362,155.4435
2017-07-10,151.5864,155.3933
2017-07-07,151.5764,155.3833
2017-07-06,151.5764,155.3833
2017-07-05,151.5762,155.3835
2017-07-04,151.4769,155.2829
2017-07-03,151.4369,155.2429
2017-06-30,151.3971,155.2027
2017-06-29,151.3275,155.1324
2017-06-28,151.2183,155.0218
2017-06-27,151.1587,154.9615
2017-06-23,151.1685,154.9716
2017-06-22,151.2184,155.0217
2017-06-21,151.2084,155.0117
2017-06-20,151.0490,154.8512
2017-06-19,151.0194,154.8209
2017-06-16,150.8662,154.6662
2017-06-15,150.8363,154.6401
2017-06-14,150.8005,154.5999
2017-06-13,150.7808,154.5797
2017-06-12,150.7808,154.5797
2017-06-09,150.7808,154.5797
2017-06-07,150.7906,154.5898
2017-06-06,150.7906,154.5898
2017-06-05,150.7906,154.5898
2017-06-02,150.7806,154.5798
2017-06-01,150.8006,154.5998
2017-05-31,150.8105,154.6099
2017-05-30,150.7908,154.5897
2017-05-29,150.7608,154.5597
2017-05-26,150.7706,154.5698
2017-05-25,150.7506,154.5498
2017-05-24,150.6809,154.4796
2017-05-23,150.7705,154.5699
2017-05-22,150.7406,154.5398
2017-05-19,150.6211,154.4194
2017-05-18,150.6310,154.4295
2017-05-17,150.6014,154.3992
2017-05-16,150.5018,154.2989
2017-05-15,150.3817,154.1790
2017-05-12,150.4313,154.2293
2017-05-09,150.4020,154.1988
2017-05-08,150.2922,154.0886
2017-05-05,150.4209,154.2196
2017-05-04,150.5404,154.3401
2017-05-03,150.4708,154.2697
2017-05-02,150.4508,154.2497
2017-04-28,150.4406,154.2398
2017-04-27,150.4406,154.2398
2017-04-26,150.5106,154.3098
2017-04-25,150.4906,154.2898
2017-04-24,150.4908,154.2896
2017-04-21,150.5108,154.3096
2017-04-20,150.6002,154.4002
2017-04-19,150.3712,154.1693
2017-04-18,150.3214,154.1191
2017-04-17,150.3014,154.0991
2017-04-12,150.4015,154.1990
2017-04-11,150.2126,154.0081
2017-04-07,150.0335,153.8274
2017-04-06,150.0436,153.8373
2017-04-05,149.9294,153.7217
2017-04-04,150.0142,153.8069
2017-04-03,150.0638,153.8572
2017-03-31,150.0634,153.9075
2017-03-30,150.0933,153.9376
2017-03-29,150.1728,154.0180
2017-03-28,150.1130,153.9578
2017-03-27,150.1130,153.9578
2017-03-24,149.9539,153.7971
2017-03-23,149.9539,153.7971
2017-03-22,149.9339,153.7771
2017-03-21,149.9440,153.7870
2017-03-20,150.0533,153.8976
2017-03-17,150.3217,154.1689
2017-03-16,150.1929,154.0378
2017-03-15,149.9941,153.8369
2017-03-14,149.8445,153.6865
2017-03-13,149.6754,153.5158
2017-03-10,149.6457,153.4855
2017-03-09,149.5960,153.4353
2017-03-08,149.3073,153.1843
2017-03-07,149.2774,153.1542
2017-03-06,149.2379,153.1138
2017-03-03,149.2873,153.1643
2017-03-02,149.3373,153.2143
2017-03-01,149.4366,153.3149
2017-02-28,149.5957,153.4755
2017-02-27,149.8547,153.7363
2017-02-23,150.3225,154.2080
2017-02-22,149.7955,153.5556
2017-02-21,149.6758,153.4354
2017-02-20,149.1479,152.8834
2017-02-17,148.8400,152.5718
2017-02-16,148.7206,152.4513
2017-02-15,148.7107,152.4412
2017-02-14,148.7208,152.4511
2017-02-13,148.7109,152.4410
2017-02-09,148.7109,152.4410
2017-02-08,148.7609,152.4910
2017-02-07,148.7109,152.4410
2017-02-06,148.4012,152.3307
2017-02-03,148.5412,152.2707
2017-02-02,148.5511,152.2819
2017-02-01,148.6116,152.3404
2017-01-31,148.5115,152.2405
2017-01-30,148.4219,152.1502
2017-01-27,148.4318,152.1603
2017-01-26,148.4918,152.2405
2017-01-25,148.4918,152.2405
2017-01-24,148.4619,152.2104
2017-01-23,148.3919,152.1404
2017-01-20,148.2824,152.0300
2017-01-19,148.1337,151.8790
2017-01-18,148.0937,151.8390
2017-01-17,148.0937,151.8390
2017-01-16,148.0939,151.8388
2017-01-13,148.0139,151.7588
2017-01-11,147.9942,151.7386
2017-01-10,148.0339,151.7788
2017-01-09,148.0339,151.7788
2017-01-06,147.9941,151.7387
2017-01-05,147.9542,151.6986
2017-01-04,147.9841,151.7287
2017-01-03,147.9542,151.6986
2017-01-02,147.9342,151.6786
